来源,时间,标题
财联社,2026-02-03 19:06:33,泰凌微：第二大股东国家大基金2025年12月24日至2026年2月3日期间减持232.13万股公司股份
财联社,2026-02-03 19:05:02,西门子能源宣布在美投资10亿美元
财联社,2026-02-03 19:04:53,上期所调整燃料油等期货相关合约涨跌停板幅度和交易保证金比例
财联社,2026-02-03 19:01:15,上期所：调整白银期货相关合约涨跌停板幅度和交易保证金比例
财联社,2026-02-03 18:59:23,马斯克旗下Boring公司承建的“迪拜环线”第一期将立即启动
财联社,2026-02-03 18:59:01,嘉事堂：公司控股股东将变更为同仁堂集团 股票复牌
财联社,2026-02-03 18:56:49,英国10年期国债认购倍数创2020年以来最高
财联社,2026-02-03 18:54:54,精测电子：股东拟减持不超1.79%股份
财联社,2026-02-03 18:53:33,杰普特：2025年前三季度光通信相关业务收入占比不足5%
财联社,2026-02-03 18:53:07,广期所：调整铂、钯期货合约涨跌停板幅度和交易保证金标准
财联社,2026-02-03 18:52:20,金丹科技：股东首中教育拟减持不超3.00%股份
财联社,2026-02-03 18:50:49,赵乐际会见乌拉圭总统奥尔西
财联社,2026-02-03 18:49:41,“AI大模型赋能金融高质量发展”闭门交流会近日召开
财联社,2026-02-03 18:47:20,【机构龙虎榜解读】SpaceX+光模块设备+硅光+英伟达，在卫星激光通信领域拥有先进的技术，SpaceX系企业客户之一，可提供硅光或光芯片的测试设备，参股企业与英伟达有订单往来，这家公司获净买入
财联社,2026-02-03 18:47:06,中东多国受邀参加美伊伊斯坦布尔会谈
财联社,2026-02-03 18:13:52,一汽解放：拟使用不超过100亿元自有资金进行委托理财
财联社,2026-02-03 18:10:57,美股太空概念股盘前集体反弹 Sidus Space大涨近15%
财联社,2026-02-03 18:08:28,贵州茅台：截至2026年1月底已累计回购股份41.69万股 已支付的总金额为5.71亿元
财联社,2026-02-03 18:04:43,俄称未收到印度不再购买俄石油信息
财联社,2026-02-03 18:02:12,中国艺术研究院原院长连辑被查
财联社,2026-02-03 18:00:54,美载人绕月飞行任务被推迟到至少三月份
财联社,2026-02-03 17:58:22,福建：将投资培育数字经济独角兽、瞪羚企业情况纳入国有创业投资考核体系
财联社,2026-02-03 17:55:30,福建：建设清洁能源算力中心 探索推进绿电直连
财联社,2026-02-03 17:54:38,福建：到2027年累计培育500家以上数创企业
财联社,2026-02-03 17:53:35,马斯克旗下社交平台X法国办公室遭搜查
财联社,2026-02-03 17:52:25,全国外贸工作会议在京召开：千方百计稳外贸 全力实现“十五五”贸易强国建设良好开局
财联社,2026-02-03 17:50:44,香港1月楼宇买卖合约同比升55.8%
财联社,2026-02-03 17:49:52,*ST景峰：公司重整计划获得法院裁定批准
财联社,2026-02-03 17:49:14,江盐集团：股东宁波龙脊拟减持不超3%股份
财联社,2026-02-03 17:47:31,吉电股份：证券简称变更为“电投绿能”
财联社,2026-02-03 17:47:31,香港金管局公布金融科技推广蓝图
财联社,2026-02-03 17:13:49,济川药业：全资子公司支付8000万元授权费获得伊努西单抗注射液独家商业化权益
财联社,2026-02-03 17:12:14,摩根大通对哔哩哔哩-W的多头持仓比例降至16.67%
财联社,2026-02-03 17:12:07,科威特向外资开放部分油田并对外租赁其部分管道网络
财联社,2026-02-03 17:11:13,卡塔尔主权基金：将风险投资追加至30亿美元
财联社,2026-02-03 17:07:19,摩根大通对宁德时代H股的多头持仓比例增至8.09%
财联社,2026-02-03 17:06:33,1月基金新开户数54.63万户 环比增长123.80%
财联社,2026-02-03 17:05:08,国投白银LOF：2月4日开市起至当日10:30停牌
财联社,2026-02-03 17:02:51,十四届全国政协人口资源环境委员会原副主任李微微一审被判无期
财联社,2026-02-03 17:01:21,【风口专家会议】碳化硅成长空间几何？特邀行业专家全面解读碳化硅新增应用场景市场潜力及起量节点
财联社,2026-02-03 17:01:20,2026年01月A股新开户数491.58万户
财联社,2026-02-03 17:00:46,耐普矿机：终止认购瑞士Veritas Resources AG股权
财联社,2026-02-03 17:00:29,Palantir美股盘前涨近12%
财联社,2026-02-03 16:56:45,加1箱油将多花8元 油价今晚要上调
财联社,2026-02-03 16:10:22,北京3宗涉宅用地57.62亿元底价成交
财联社,2026-02-03 16:09:57,香港恒生指数收涨0.22% 恒生科技指数跌1.07%
财联社,2026-02-03 16:09:53,鸿富瀚：向广东全象提供机器人等产品 合同金额4.8亿元
财联社,2026-02-03 16:09:44,再生铜回收加工两旺
财联社,2026-02-03 16:07:20,泽连斯基：俄军以450架无人机和70余枚导弹再袭乌能源目标
财联社,2026-02-03 16:07:08,八部门印发《汽车数据出境安全指引（2026版）》
财联社,2026-02-03 16:05:41,长春高新：子公司注射用GenSci136境内生产药品注册临床试验申请获受理
财联社,2026-02-03 16:05:34,2月3日连板股分析：连板股晋级率达五成 商业航天概念领涨
财联社,2026-02-03 16:04:37,兴齐眼药：SQ-129玻璃体缓释注射液用于糖尿病性黄斑水肿Ⅰ/Ⅱ期临床试验首例受试者入组
财联社,2026-02-03 16:04:16,今日投资舆情热点
财联社,2026-02-03 16:02:46,欧洲主要股指开盘集体上涨
财联社,2026-02-03 16:02:27,智飞生物：带状疱疹mRNA疫苗获得临床试验批准
财联社,2026-02-03 15:59:51,澳洲航空计划出售其持有的捷星日本全部股权
财联社,2026-02-03 15:59:14,恒丰纸业：拟3.49亿元投建绿色印刷项目 生产80万箱烟标
财联社,2026-02-03 15:57:36,游戏等行业增值税税率要提高？专家表示没有可信度
财联社,2026-02-03 15:57:14,法国通胀率意外放缓至五年来最低 远低于欧洲央行目标水平
财联社,2026-02-03 15:56:54,北京：力争到2028年开发5种原子级制造软件工具 研制不少于10项原子级制造创新装备
财联社,2026-02-03 15:18:50,智元机器人等在上海成立觅蜂具身智能科技公司
财联社,2026-02-03 15:18:26,分析师预计澳大利亚央行将于5月再次加息
财联社,2026-02-03 15:17:20,2月3日涨停分析
财联社,2026-02-03 15:17:01,中远海能增资至54.7亿
财联社,2026-02-03 15:16:11,高鑫零售回应CEO李卫平被警方带走：假的
财联社,2026-02-03 15:16:04,国债期货收盘多数上涨
财联社,2026-02-03 15:14:42,美股光通信股夜盘续涨 Lumentum涨超4%
财联社,2026-02-03 15:13:42,机构：任天堂需将Switch 2零售价提高15%以抵消不断上涨的内存成本
财联社,2026-02-03 15:13:32,日本强降雪已致30死324伤
财联社,2026-02-03 15:10:49,贝莱德旗下GIP联合EQT竞购美国供电商AES发电
财联社,2026-02-03 15:05:47,美国对二氟甲烷发起第一次反倾销日落复审调查
财联社,2026-02-03 15:02:01,收评：深成指探底回升涨超2% 全市场超4800只个股上涨
财联社,2026-02-03 15:01:16,国内商品期货收盘 沪银跌超16%
财联社,2026-02-03 14:17:08,中国有色金属工业协会：研究将贸易量大、容易变现的铜精矿纳入储备范围
财联社,2026-02-03 14:16:47,沪指涨逾1% 上涨个股近4700只
财联社,2026-02-03 14:16:36,【盘中宝】AIDC建设规模快速扩张，这类产品全球供应持续紧张，行业巨头集体宣布扩产，以应对在手订单积压过多，这家公司是海外巨头该细分产品供应商
财联社,2026-02-03 13:58:30,游戏行业税率向白酒看齐？多家游戏公司回应：不实消息
财联社,2026-02-03 13:55:19,全球最快人形机器人发布
财联社,2026-02-03 13:55:13,沪深两市成交额连续第26个交易日突破2万亿 较上一日此时缩量超300亿
财联社,2026-02-03 13:54:03,多晶硅期货主力合约日内涨幅扩大至5%
财联社,2026-02-03 13:47:30,美“星链”发射任务火箭第二级出现异常
财联社,2026-02-03 13:47:15,北京人形机器人创新中心完成首轮超7亿元市场化融资
财联社,2026-02-03 13:44:14,算力租赁概念再度活跃 天威视讯直线涨停
财联社,2026-02-03 13:43:21,采埃孚与宝马签署乘用车传动系统长期供应协议 合同金额数十亿欧元
财联社,2026-02-03 13:37:20,监管摸底券商网络和信息安全三年提升计划成效 关注行业技术架构转型升级
财联社,2026-02-03 13:34:35,贵金属概念局部回暖 湖南黄金逼近涨停
财联社,2026-02-03 13:23:42,中国商飞亮相新加坡航展 签约6架C909灭火机订单
财联社,2026-02-03 13:22:00,黑龙江齐齐哈尔一养老机构发生火灾 造成5人死亡
财联社,2026-02-03 13:21:07,太空光伏概念持续拉升 国晟科技等十余股涨停
财联社,2026-02-03 13:20:44,独家| 消费级CPU未明显涨价 服务器CPU涨价或为短期波动
财联社,2026-02-03 13:19:23,渝昆高铁全线桥梁建设全部完成
财联社,2026-02-03 13:17:38,OpenAI战略大转舵 全速冲刺ChatGPT商业化
财联社,2026-02-03 13:15:32,【风口研报·公司】成长路径几乎可1:1对标某10倍股，分析师强call公司战略布局稀缺程度极高的航空航天金属，依托矿业巨头赋能有望实现高速发展
财联社,2026-02-03 13:08:22,数据中心电源概念震荡走强 潍柴重机等多股涨停
财联社,2026-02-03 12:59:22,远东股份落子英伟达 迭代算力芯片相关检测设备批量供货
财联社,2026-02-03 12:55:42,【机构调研】这家公司加码光通信业务布局，并购标的产品线覆盖全类型光开关
财联社,2026-02-03 12:54:49,寒武纪声明：公司近期从未组织任何小范围交流 没有出具过任何年度、季度营业收入指引数据
财联社,2026-02-03 12:51:36,习近平同乌拉圭总统奥尔西举行会谈
财联社,2026-02-03 12:38:50,匈牙利就欧盟禁购俄能源措施向欧盟法院提起诉讼
财联社,2026-02-03 12:27:33,特朗普向哈佛索赔10亿美元
财联社,2026-02-03 12:25:31,“单日净值跌超31%”引发质疑 国投瑞银基金正式回应
财联社,2026-02-03 12:23:09,东方空间可回收火箭“引力二号”预计2026年年中完成首飞
财联社,2026-02-03 12:16:36,2月3日午间涨停分析
财联社,2026-02-03 12:04:57,福建能源监管办组织召开福建省燃煤发电企业电煤中长期合同签订和履约情况座谈会
财联社,2026-02-03 12:01:50,财联社2月3日午间新闻精选
财联社,2026-02-03 12:00:33,港股午评：恒生指数涨0.20% 恒生科技指数跌1.32%
财联社,2026-02-03 11:50:08,中国有色金属工业协会：2025年我国有色金属主要产品产量再创新高
财联社,2026-02-03 11:43:52,【大佬持仓跟踪】服务器+液冷，已推出GPU服务器电源，为阿里定制液冷服务器供电系统，这家公司与一家美国CSP提供商展开研发合作，或于明年带来销售贡献
财联社,2026-02-03 11:43:21,习近平同乌拉圭总统奥尔西共同出席合作文件签字仪式
财联社,2026-02-03 11:35:44,天兵科技在济南成立航天科技公司 经营范围包含火箭发射设备研发和制造
财联社,2026-02-03 11:32:20,午评：创业板指半日涨0.76% 全市场超4400只个股上涨
财联社,2026-02-03 11:30:30,周生生回应“足金挂坠检出铁银钯”
财联社,2026-02-03 11:21:00,寒武纪盘中大幅跳水 公司回应：不清楚具体原因 市场很多传闻都是假的
财联社,2026-02-03 11:19:41,商业航天概念持续走高 航天发展等十余股涨停
财联社,2026-02-03 11:16:04,湖北省宜昌市夷陵区通报“精神病医院被指骗保”：开展全面调查
财联社,2026-02-03 11:15:11,沪深两市成交额突破1.5万亿 较上一日此时缩量超500亿
财联社,2026-02-03 11:12:35,国内首款AI经皮穿刺导航机器人获批上市
财联社,2026-02-03 11:12:05,千问APP独家冠名“四大卫视”春晚
同花顺,2026-02-03 11:10:54,4连板横店影视：公司主营业务为影视投资、制作、发行、电影放映及相关衍生业务 公司目前经营活动正常
同花顺,2026-02-03 11:09:17,航天发展：公司以航天防务信息科技为主要发展方向 下属公司商业低轨卫星运营及数据应用服务对公司整体业绩影响极小
财联社,2026-02-03 11:08:01,游戏股集体跳水 世纪华通跌超9%
同花顺,2026-02-03 11:06:59,百事公司计划对乐事薯片和奇多等零食降价，降幅最高达15%
同花顺,2026-02-03 11:06:43,伊戈尔：多名股东拟减持股份
同花顺,2026-02-03 10:59:01,中国联通：国企结构调整基金完成减持1.0764%
财联社,2026-02-03 10:58:51,福建：鼓励各地搭建商品住房“卖旧换新”平台 鼓励经纪机构优先推介“卖旧”房源
财联社,2026-02-03 10:56:46,主力资金监控：新易盛净卖出超12亿
同花顺,2026-02-03 10:56:08,嘉事堂：光大健康及光大实业拟转让公司4187.64万股股份给同仁堂集团 公司股票自2026年2月4日起复牌
财联社,2026-02-03 10:56:01,福建：阶段性实施普惠性购房补贴、多孩家庭补贴、商办用房补贴等补助政策
同花顺,2026-02-03 10:55:24,江铃汽车：2026年1月产量27919辆、销量26825辆，同比变化35.25%和25.59%
同花顺,2026-02-03 10:55:04,齐翔腾达：控股子公司8000吨/年高性能催化新材料项目已建成投产
同花顺,2026-02-03 10:53:45,精测电子：股东陈凯拟减持不超1.79%
同花顺,2026-02-03 10:52:45,宏裕包材：席大凤拟减持2%股份
财联社,2026-02-03 10:52:30,【风口研报·公司】Harvey AI开启法律科技“黄金时代”，这家公司独占更强“数据特权”、有望复刻并超越Harvey模式，还与华为合作为B端业务提供技术载体
同花顺,2026-02-03 10:51:57,蓝宇股份：拟在珠海市金湾区投资5亿元建设高端数码喷墨印刷设备及配套墨水生产基地项目
财联社,2026-02-03 10:46:19,【盘中宝】AI应用商业化落地最为顺畅的领域之一，相关代表性公司营收、用户数增长迅速，国内渗透率未来有望快速提升，这家公司相关产品已集成AI大模型
财联社,2026-02-03 10:43:44,“十五五”时期 四川明确实现经济增速保持高于全国平均水平的预期目标
同花顺,2026-02-03 10:43:34,岱勒新材：公司与厦门博鑫通投资、广州经纬弘利共同投资设立捷泰（广州）智造科技有限公司，持股51%
财联社,2026-02-03 10:43:34,2026年四川发展主要预期目标：地区生产总值增长5.5%左右
同花顺,2026-02-03 10:43:07,报告显示中国长期保持全球重要投资目的地
同花顺,2026-02-03 10:42:49,上海国际能源交易中心调整原油等期货相关合约涨跌停板幅度和交易保证金比例
财联社,2026-02-03 10:42:07,创业板指、沪指双双翻绿
财联社,2026-02-03 10:37:14,xAI和SpaceX将换股比例设定为0.1433
同花顺,2026-02-03 10:35:47,央行1月公开市场国债买卖净投放1000亿元
同花顺,2026-02-03 10:33:33,精锻科技：拟在德国设立全资子公司
财联社,2026-02-03 10:30:31,国投白银LOF今日复牌再度跌停 最新溢价率为88.94%
同花顺,2026-02-03 10:30:22,迈普医学：股东唐莹拟减持1.2541%股份
财联社,2026-02-03 10:29:59,郑州市2025年GDP同比增长5.4％
财联社,2026-02-03 10:29:21,习近平将举行仪式欢迎乌拉圭总统奥尔西访华
财联社,2026-02-03 10:29:20,自然资源部：全力做好企业购置不动产转移登记“高效办成一件事”
同花顺,2026-02-03 10:29:06,大豪科技：四股东拟分别减持不超过1%
财联社,2026-02-03 10:28:19,【电报解读】上海大力培育发展第四代半导体，第四代半导体材料在性能和成本上优于三代半导体，这家公司已布局氧化镓、金刚石等第四代半导体材料
财联社,2026-02-03 10:28:15,美国ITC发布对半导体器件及其下游产品的337部分终裁
财联社,2026-02-03 10:19:23,上海：将在电信、医疗、文旅领域落地外资大项目
同花顺,2026-02-03 10:14:34,中文在线：多名董事拟减持股份不超0.0903%
同花顺,2026-02-03 10:13:47,通源石油：董事长任延忠和总裁姚志中拟分别减持0.15%和0.01%
同花顺,2026-02-03 10:10:09,引力传媒：高管拟减持股份
同花顺,2026-02-03 10:09:13,千里科技：1月新能源汽车产量36辆，同比降96.63%
同花顺,2026-02-03 10:08:59,贵州茅台：累计回购0.0333%股份，金额5.71亿元
同花顺,2026-02-03 10:07:19,千方科技：北京千方集团延期质押0.74%股份
同花顺,2026-02-03 10:03:36,富瀚微：控股股东杨小奇一致行动人杰智控股拟减持1.93%
同花顺,2026-02-03 10:03:02,汇通达网络：收购目标公司25%股权已获法院批准
同花顺,2026-02-03 10:00:58,快克智能：董事窦小明拟减持0.15%
同花顺,2026-02-03 10:00:19,西上海：股东上海汇嘉创业拟减持不超过1%
同花顺,2026-02-03 09:59:46,长春一东：一汽股权公司减持公司3%股份
同花顺,2026-02-03 09:57:26,2连板新华百货：公司控股股东协议转让股份事项尚未支付资金 存在不确定性
同花顺,2026-02-03 09:55:54,无锡振华：股东无锡君润、钱金祥拟分别减持2%和1%
同花顺,2026-02-03 09:55:36,ST诺泰：建德工厂原料药生产线通过GMP符合性检查
同花顺,2026-02-03 09:54:58,联讯仪器科创板IPO审核状态变更为“注册生效”
同花顺,2026-02-03 09:53:36,盛达资源：广西金石矿业已完成55%股权转让相关工商变更登记手续
同花顺,2026-02-03 09:51:30,无线传媒：文盛基金及一致行动人和旅投基金分别完成减持4%和0.70%
同花顺,2026-02-03 09:50:04,拉法口岸重开首日 部分巴勒斯坦人返回加沙地带时遭拦截
财联社,2026-02-03 09:34:36,CPO概念再度走强 罗博特科涨超10%续创历史新高
财联社,2026-02-03 09:34:22,白酒概念反复活跃 皇台酒业4连板
财联社,2026-02-03 09:30:45,上海：2025年日均新增科技企业超320家 新集聚海内外人才15万人
财联社,2026-02-03 09:30:30,京津冀概念集体高开 京投发展等多股涨停
财联社,2026-02-03 09:27:56,竞价看龙头
财联社,2026-02-03 09:27:55,预告
财联社,2026-02-03 09:27:36,上海去年新增就业64.1万人 一系列稳就业政策深化落实
财联社,2026-02-03 09:27:12,上海：2025年新增养老床位3852张、保障性租赁住房7.4万套
财联社,2026-02-03 09:26:11,有色金属股集体反弹 五矿资源涨超6%
财联社,2026-02-03 09:26:09,三大指数集体高开
财联社,2026-02-03 09:25:50,纽约期银大涨10%
财联社,2026-02-03 09:24:52,【盘中宝】又一新品正式发布，头部厂家已实现从0到1突破，与海外产业化节奏有望形成共振，这家企业产品已向客户供货
财联社,2026-02-03 09:24:32,上海市长：城中村改造跑出“加速度” 去年启动26个改造项目
财联社,2026-02-03 09:24:29,上海市长：上海去年新设民营经营主体39.2万户
财联社,2026-02-03 09:21:33,央行公开市场净回笼2965亿元
财联社,2026-02-03 09:21:12,港股高开 恒生指数涨0.82%
财联社,2026-02-03 09:20:38,上海：2025年上海港集装箱吞吐量达到5506.3万标准箱、连续16年排名世界第一
同花顺,2026-02-03 09:14:12,得州移民关押设施现麻疹病例，移民与海关执法局被指应负全责
同花顺,2026-02-03 09:13:55,伊朗最高领袖顾问：无意将浓缩铀转移至国外
同花顺,2026-02-03 09:13:26,上交所：聚石化学及有关责任人因信息披露违规被予以监管警示
同花顺,2026-02-03 09:12:12,伍德沃德美股盘前涨超14%
同花顺,2026-02-03 09:07:57,雅葆轩：2025年净利润6475.1万元，同比增长34.16%
同花顺,2026-02-03 09:07:39,跃岭股份：控股股东杰思金材已解除质押24.5606%
同花顺,2026-02-03 09:06:25,摩根大通（JPMorgan）对洛阳钼业H股的多头持仓比例增至7.1%
同花顺,2026-02-03 09:06:09,摩根大通对中兴通讯H股的多头持仓比例增至9.67%
同花顺,2026-02-03 09:05:53,花旗集团对潍柴动力H股的多头持仓比例增至5.36%
同花顺,2026-02-03 09:05:24,1月基金新开户数54.63万户 ，同比增长168.72%
同花顺,2026-02-03 09:05:04,*ST金灵：重整计划获法院批准
同花顺,2026-02-03 09:03:36,派林生物：子公司获静注人免疫球蛋白药品补充申请受理通知书
同花顺,2026-02-03 09:02:16,纽蒙特美股盘前涨超5%
同花顺,2026-02-03 09:02:15,2连板三变科技：公司目前经营情况正常 内外部经营环境未发生重大变化
同花顺,2026-02-03 09:02:11,泰瑞达美股盘前涨超21%
同花顺,2026-02-03 09:01:59,科尔黛伦矿业美股盘前涨超10%
财联社,2026-02-03 08:15:49,现货黄金日内涨幅扩大至3%
财联社,2026-02-03 08:15:12,SK海力士涨近6%
财联社,2026-02-03 08:12:37,【九点特供】估值将达1.25万亿美元！SpaceX在公司备忘录中确认与xAI合并，机构称AI算力爆炸式增长催生“天基数据中心”新范式，太空光伏系统需求呈指数级增长，这家公司钙钛矿工艺设备取得关键进展
财联社,2026-02-03 08:12:22,委内瑞拉任命驻美国外交代表
同花顺,2026-02-03 08:11:59,戈碧迦：股东紫昕集团完成减持1.94%
财联社,2026-02-03 08:11:47,中金公司：建议把握太空光伏带来的全产业链变革 持续关注制造产业端落地密集催化
同花顺,2026-02-03 08:11:20,综合景气指数101.54去年第四季度检验检测行业发展稳中有进
同花顺,2026-02-03 08:11:14,北京房地产中介门店咨询量大涨 上海二手房成交量大增24%
同花顺,2026-02-03 08:10:41,港股收评：恒生科技指数跌1.07%，恒生指数涨0.22%
财联社,2026-02-03 08:10:30,海南：全省商业用房购房贷款最低首付比例调整为不低于30%
同花顺,2026-02-03 08:09:58,今日全国碳市场无成交，综合价格收盘价81元/吨
同花顺,2026-02-03 08:08:56,证监会同意柳州钢铁股份有限公司向特定对象发行股票注册
同花顺,2026-02-03 08:07:24,工业和信息化部等八部门印发《汽车数据出境安全指引（2026版）》的通知
同花顺,2026-02-03 08:05:51,鸿富瀚：与广东全象签署4.8亿元购销合同
同花顺,2026-02-03 08:04:19,全新好：股东博恒投资解除4.36%公司股份司法冻结
同花顺,2026-02-03 08:04:11,长春高新：子公司注射用GenSci136临床试验申请获受理
财联社,2026-02-03 08:01:54,克林顿夫妇同意就爱泼斯坦案赴美众议院作证
同花顺,2026-02-03 08:01:27,汉马科技：1月新能源中重卡产量1085辆，同比增长140.04%
财联社,2026-02-03 08:01:14,现货白银日内涨幅扩大至5%
财联社,2026-02-03 08:00:43,日韩股市大幅高开 韩国股指涨超3%
同花顺,2026-02-03 08:00:20,智飞生物：带状疱疹mRNA疫苗获临床试验批准
财联社,2026-02-03 07:59:44,今日申购指南及新股定位分析
财联社,2026-02-03 07:59:40,投资日历：周二资本市场大事提醒
同花顺,2026-02-03 07:58:51,恒丰纸业：拟投资3.49亿元新建绿色印刷项目
财联社,2026-02-03 07:56:55,中信建投：本轮白酒调整期拐点将至 白酒板块迎来周期底部配置机会
同花顺,2026-02-03 07:54:54,宇通客车：2026年1月产量2167辆 同比降15.35%
财联社,2026-02-03 07:54:02,美国众议院审议拨款法案 或于3日表决
同花顺,2026-02-03 07:53:56,星网锐捷：拟与关联方签订《房屋租赁合同》
同花顺,2026-02-03 07:51:26,亨迪药业：盐酸埃克替尼获上市申请批准
财联社,2026-02-03 07:50:29,特朗普：针对美联储主席鲍威尔的调查将会弄清真相
同花顺,2026-02-03 07:47:22,海程邦达：董事王希平完成减持0.97%
财联社,2026-02-03 07:46:56,【点金互动易】液冷+HVDC+数据中心，提供液冷数据中心全生命周期服务，打造240V至800V的全系列HVDC电源解决方案，这家公司联合沐曦股份推出高密度液冷算力产品
同花顺,2026-02-03 07:14:45,现货白银涨超4% COMEX白银期货暴涨12%
同花顺,2026-02-03 07:11:49,现货白银站上86美元/盎司
同花顺,2026-02-03 07:10:25,腾讯控股一度大跌6%，“加税”传闻又是空穴来风？
同花顺,2026-02-03 07:07:46,NYMEX钯金主力合约大涨5%
同花顺,2026-02-03 07:07:27,廖岷副部长听取财政部派往中央金融企业股权董事年度述职
同花顺,2026-02-03 07:04:49,日本称挖到含稀土淤泥，外交部回应
同花顺,2026-02-03 07:02:47,ETF两市成交额6418.18亿元
同花顺,2026-02-03 07:02:13,期货收评: 情绪修复！贵金属强势反弹 光伏行业再迎重磅会议 多晶硅大涨超6%
同花顺,2026-02-03 07:01:28,美国对涉华立式发动机及其零部件发起第一次双反日落复审调查
同花顺,2026-02-03 07:01:25,ETF收评：中韩半导体ETF领涨8.62%，新经济ETF银华领跌6.91%
同花顺,2026-02-03 07:01:15,全国铁路预计发送旅客1115万人次，春运第二天客流平稳
同花顺,2026-02-03 07:00:54,A股收评：深成指高开高收涨2.19%基本反包，全市场超4800只个股上涨
同花顺,2026-02-03 07:00:41,股指期货午盘收盘集体收涨
同花顺,2026-02-03 06:58:26,美债收益率亚洲盘微升 沃什提名驱动曲线陡峭化
财联社,2026-02-03 06:56:40,【研选】特斯拉最新人形机器人2026年底前启动量产，分析师看好拥有核心部件积淀、积极入局人形机器人的企业；公司海外发电业务加速，获取多个实质性订单，在北美市场的客户基础进一步扩大
财联社,2026-02-03 06:56:26,以色列对美国与伊朗谈判提“三不”强硬要求
财联社,2026-02-03 06:56:15,逾千家A股公司业绩预喜 沪市首份年报出炉
财联社,2026-02-03 06:56:10,存储迎超级周期 部分厂商业绩大幅预喜
财联社,2026-02-03 06:55:24,实验直接观察到液态电荷密度波
财联社,2026-02-03 06:54:59,“四联”血检法可诊断早期胰腺癌
财联社,2026-02-03 06:54:26,光基纳米技术精准摧毁癌细胞
财联社,2026-02-03 06:53:56,激光脉冲实现特殊铁磁体极性翻转
同花顺,2026-02-03 06:53:50,广期所钯主力合约大涨8%
财联社,2026-02-03 06:52:14,周二（2月3日）重点关注财经事件和经济数据
同花顺,2026-02-03 06:45:30,市场静待美国周三“再融资大考”，美债拍卖规模通常“按部就班”
同花顺,2026-02-03 06:44:22,西部数据：已有客户询问2030年供应
同花顺,2026-02-03 06:43:01,现货黄金大涨5%
财联社,2026-02-03 06:42:25,隔空反驳不满传言 OpenAI的Altman赞扬英伟达的AI芯片
同花顺,2026-02-03 06:41:40,现货黄金站上4880美元/盎司 纽约期金站上4910美元/盎司
财联社,2026-02-03 06:38:15,年报业绩预告密集预警 多公司提示退市风险
财联社,2026-02-03 06:30:23,周二你需要知道的隔夜全球要闻：特朗普下调针对印度商品“对等”关税税率至18%；SpaceX确认与xAI合并；美国劳工统计局推迟发布1月份就业报告
财联社,2026-02-03 06:30:10,化肥市场备春耕 价格结构性上行
财联社,2026-02-03 06:29:07,全球资本瞄准中国资产 境内ETF出海引“活水”
财联社,2026-02-03 06:25:42,先导智能：香港上市拟发行逾9360万股 最高定价45.8港元
同花顺,2026-02-03 06:17:48,中国有色工业协会段绍甫：研究将贸易量大、容易变现的铜精矿纳入储备范围
同花顺,2026-02-03 06:14:46,洪灝：贵金属还能涨回去 白银底部约在75-80美元/盎司
财联社,2026-02-03 06:14:24,特朗普就伊朗问题表态：将观察事态如何发展
同花顺,2026-02-03 06:10:50,A股三大指数探底回升均涨超1%，全市场超4600只个股上涨
同花顺,2026-02-03 06:10:38,上期所欧线集运主力合约大涨5%
同花顺,2026-02-03 06:09:28,贵州茅台成交额达100亿元
同花顺,2026-02-03 06:08:20,广期所多晶硅主力合约大涨8%
同花顺,2026-02-03 06:07:42,广期所多晶硅主力合约大涨7%
同花顺,2026-02-03 06:06:09,广期所多晶硅主力合约大涨6%
同花顺,2026-02-03 06:05:25,特来电入股一汽解放与宁德时代合资公司
同花顺,2026-02-03 05:59:55,韩国基准股指涨幅达6.5%，至5270.91点
同花顺,2026-02-03 05:54:47,浙江大学发布全球首个人形机器人Bolt
同花顺,2026-02-03 05:54:19,国测量子完成超亿元A++轮融资
同花顺,2026-02-03 05:54:04,广期所多晶硅主力合约大涨5%
同花顺,2026-02-03 05:52:29,沪深京三市成交额超2万亿元，较上日此时缩量249亿元
同花顺,2026-02-03 05:51:57,算力租赁板块持续拉升，利通电子触及涨停
同花顺,2026-02-03 05:49:42,零售板块异动拉升，新华百货涨停
同花顺,2026-02-03 05:36:05,中证500股指期货(IC)主力合约日内涨超3%
同花顺,2026-02-03 05:28:35,韩国KOSPI指数涨超6%
同花顺,2026-02-03 05:27:04,港股大模型概念股午后持续走强，MINIMAX涨超13%再创上市来新高
同花顺,2026-02-03 05:21:28,消费级CPU未明显涨价 服务器CPU涨价或为短期波动
同花顺,2026-02-03 05:21:27,工程机械板块午后走强，建设机械涨停
同花顺,2026-02-03 05:17:44,化学化工板块持续拉升，金晶科技午后涨停
同花顺,2026-02-03 05:16:38,“税收”传闻引港股科技股大跌 机构：传闻属于过度推演，并没有切实的依据
同花顺,2026-02-03 05:11:31,寒武纪午后探底小幅反弹，现跌超9%
同花顺,2026-02-03 05:10:18,国内多家金店金饰价格多数上涨，最高报1542元/克
同花顺,2026-02-03 05:08:35,沪深京三市成交额超1.7万亿元，较上日此时缩量410亿元
同花顺,2026-02-03 05:05:59,帝尔激光等在武汉成立投资合伙企业
同花顺,2026-02-03 05:04:10,上海市人大代表潘晶：机器人进入复杂场景干活，代表预计未来五年有突破
同花顺,2026-02-03 05:03:48,光伏设备板块午后进一步走强，帝科股份20cm涨停
同花顺,2026-02-03 05:01:51,深成指、创业板指午后涨幅再度扩大至1%
同花顺,2026-02-03 05:01:24,日经225指数日内大涨4.00%，现报54761.72点
同花顺,2026-02-03 04:58:04,图灵奖获得者杰克·唐加拉：高性能计算是国家核心能力
同花顺,2026-02-03 04:47:39,印度官员：与美国的贸易协定，解决了华盛顿方面关于削减印度在汽车等领域高额关税的要求
同花顺,2026-02-03 04:39:46,目标2027年实现量产 三星将半导体玻璃基板项目移交业务部门
同花顺,2026-02-03 04:35:39,人工智能促变革 美企滥用引争议
同花顺,2026-02-03 04:31:52,经纬恒润携手中兴微电子，加速AI舱驾融合发展
同花顺,2026-02-03 04:31:34,南共市与欧盟加快推动自贸协定内部审批进程
同花顺,2026-02-03 04:28:22,特朗普威胁要向哈佛大学索赔10亿美元
同花顺,2026-02-03 04:23:51,北京人形完成首轮超7亿元市场化融资
同花顺,2026-02-03 04:23:34,国投瑞银回应白银LOF估值调整：未提前公告，意在避免恐慌与挤兑
同花顺,2026-02-03 04:19:25,保时捷中国总裁及CEO潘励驰：保时捷的“过冬”手册，收缩、重仓与不妥协
同花顺,2026-02-03 04:10:33,2月3日午间公告一览：首程控股所投资的世盟股份于深交所上市
同花顺,2026-02-03 04:08:35,中科慧灵携手光大同创、迪洛斯智能推进人形机器人规模化量产
同花顺,2026-02-03 04:01:21,港股午评：恒生科技指数跌1.4%，恒生指数涨0.11%
同花顺,2026-02-03 04:00:36,日经225指数再创新高
同花顺,2026-02-03 03:55:47,俄外长：日本加速“再军事化”威胁亚太和平稳定
同花顺,2026-02-03 03:54:33,3名失联人员遗体已找到 江苏响水一大桥塌落事故造成5人死亡
同花顺,2026-02-03 03:51:49,李秉起接任SK海力士中国公司董事长
同花顺,2026-02-03 03:49:26,德国总理：跨大西洋关系已改变 欧洲需加强独立性
同花顺,2026-02-03 03:48:01,印度股市大涨5%
同花顺,2026-02-03 03:44:42,澳大利亚央行宣布加息25个基点
同花顺,2026-02-03 03:41:05,宁德时代、深蓝汽车、长安汽车合资公司注册资本增至40亿元
同花顺,2026-02-03 03:39:33,首创期货：政策利好储能需求，碳酸锂2605合约早盘盘中涨超7%
同花顺,2026-02-03 03:36:36,抖音与2026年总台春晚达成合作，独家解锁“竖屏看春晚”体验
同花顺,2026-02-03 03:34:56,天兵科技在济南成立航天科技公司，注册资本2亿元
同花顺,2026-02-03 03:32:54,2025年郑州市GDP破1.5万亿元
同花顺,2026-02-03 03:31:59,ETF两市成交额4007.62亿元
同花顺,2026-02-03 03:31:18,期货午评：沪银跌跌不休 盘中再次触及跌停
同花顺,2026-02-03 03:31:01,ETF午评：科创新能源ETF领涨5.25%，新经济ETF银华领跌5.9%
同花顺,2026-02-03 03:30:49,股指期货早盘收盘全线走高
同花顺,2026-02-03 03:30:46,A股午评：深成指半日涨近1%，商业航天、太空光伏方向集体走强
同花顺,2026-02-03 03:27:43,沪深京三市成交额超1.6万亿元，较上日此时缩量400亿元
同花顺,2026-02-03 03:22:17,北证50指数涨幅扩大至2%
同花顺,2026-02-03 03:19:17,印尼一锡矿发生山体滑坡 6名工人死亡
同花顺,2026-02-03 02:47:53,几内亚总统对政府进行部分改组
同花顺,2026-02-03 02:47:14,A股三大指数全线翻绿
同花顺,2026-02-03 02:46:45,港股持续下探，恒生科技指数跌超3%
同花顺,2026-02-03 02:45:59,上期所沪银主力合约再度触及跌停 现货白银跌超2%
同花顺,2026-02-03 02:44:27,现货白银由涨转跌
同花顺,2026-02-03 02:41:54,创业板指盘中翻绿，盘初涨超2%
同花顺,2026-02-03 02:34:22,沪深京三市成交额超1.2万亿元，较上日此时缩量1138亿元
同花顺,2026-02-03 02:31:29,港股快速走低，恒生科技指数跌超2%
同花顺,2026-02-03 02:30:56,富时中国A50指数期货跌超1%
同花顺,2026-02-03 02:30:43,国投白银LOF（161226）复牌触及跌停
同花顺,2026-02-03 02:28:05,港股科网股短线跳水，腾讯控股跌超4%
同花顺,2026-02-03 02:25:12,滴滴与海南航空会员合作上线 大出行场景权益再升级
同花顺,2026-02-03 02:22:09,哈马斯：准备移交加沙地带行政机构
同花顺,2026-02-03 02:19:56,港股短线走低，恒生科技指数跌超1%
同花顺,2026-02-03 02:19:44,上海建工旗下市政总院与文昌国际航天城管理局签署战略合作协议
同花顺,2026-02-03 02:18:48,腾讯：《QQ经典农场》将于2月6日回归
财联社,2026-02-03 01:41:53,欧洲股市重拾创纪录涨势 矿业股反弹
同花顺,2026-02-03 01:35:41,贵金属板块盘初大幅低开，招金黄金等股跌停
同花顺,2026-02-03 01:34:57,白酒板块反复活跃，贵州茅台涨超3%
同花顺,2026-02-03 01:33:40,光伏设备板块盘初拉升，双良节能触及涨停
同花顺,2026-02-03 01:31:51,现货白银涨超3%
同花顺,2026-02-03 01:31:45,CPO等算力硬件股盘初上扬，罗博特科涨超10%
同花顺,2026-02-03 01:31:40,股指期货早盘开盘集体高开
同花顺,2026-02-03 01:30:17,现货白银站上85美元/盎司
同花顺,2026-02-03 01:29:59,AI应用概念股高开，横店影视4连板
同花顺,2026-02-03 01:29:48,预告：国新办将于2026年2月4日上午10时举行新闻发布会
同花顺,2026-02-03 01:28:39,算力板块高开，白云电器接近涨停
同花顺,2026-02-03 01:27:57,LME锡主力合约大涨8%
同花顺,2026-02-03 01:27:13,房地产板块高开，京投发展、城建发展涨停
同花顺,2026-02-03 01:27:08,日经225指数涨幅扩大至3%，最新报54233.93点
同花顺,2026-02-03 01:26:37,ETF开盘：创业板50ETF富国领涨5.86%，黄金股ETF工银领跌8.06%
同花顺,2026-02-03 01:25:20,A股开盘：三大指数集体高开
同花顺,2026-02-03 01:24:32,现货黄金站上4850美元/盎司
同花顺,2026-02-03 01:23:33,COMEX白银期货暴涨10% 纽约期金站上4870美元/盎司
同花顺,2026-02-03 01:23:00,上海：过去一年深入实施“模塑申城”工程 加快构建现代化产业体系
同花顺,2026-02-03 01:22:18,现货白银涨超2%
财联社,2026-02-03 01:17:33,约旦副首相与伊朗外长通电话 讨论地区局势
财联社,2026-02-03 01:09:46,美国将把印度“对等”关税税率从25%下调至18% 即日起生效
财联社,2026-02-03 01:01:38,江苏响水连申线月港大桥垮塌已造成2人死亡3人失联
财联社,2026-02-03 01:00:25,比特币跌破心理防线 一场高风险押注被推向风口浪尖
财联社,2026-02-03 00:38:40,欧股主要指数收盘普涨
财联社,2026-02-03 00:18:18,伊朗外交部就伊美接触明确立场：解除制裁是核心诉求
同花顺,2026-02-03 00:17:12,日本东证指数日内涨幅扩大至2%
财联社,2026-02-03 00:15:45,美以海军在红海举行联合演习
财联社,2026-02-03 00:14:01,俄外长：对古巴施加经济与武力压力是不可接受的
财联社,2026-02-03 00:13:32,日元套利交易受关注 阿波罗经济学家提示平仓隐忧
同花顺,2026-02-03 00:08:16,克林顿夫妇同意就爱泼斯坦案调查到国会作证
同花顺,2026-02-03 00:07:58,腾讯回应元宝红包助力刷屏质疑：无门槛领取与诱导分享不同
同花顺,2026-02-03 00:07:28,散布“外卖商家集体退出外卖平台”谣言博流量 主播张某被行拘
同花顺,2026-02-03 00:07:12,马斯克称星舰最终将能够每次飞行运送200吨货物，每小时发射一次
同花顺,2026-02-03 00:04:21,预计2026年全社会用电量同比增长5%至6%
同花顺,2026-02-03 00:01:40,日韩股市集体高开
同花顺,2026-02-03 00:00:25,古巴副外长：古美有“沟通”但暂无“对话”
同花顺,2026-02-02 23:56:48,期货早报：开盘再度跌停！隔夜沪银再封跌停板跌幅20%  特朗普称正在与伊朗对话
同花顺,2026-02-02 23:49:15,中泰证券：TMT行业有望在政策与需求双重驱动下延续复苏态势
同花顺,2026-02-02 23:47:23,摩根士丹利建议“逢低买入”新兴市场
财联社,2026-02-02 23:46:44,江苏盐城一座在建桥梁垮塌
同花顺,2026-02-02 23:45:42,北京气温波动显著，后天将大幅降温
同花顺,2026-02-02 23:42:25,马斯克称星舰V4将增加3台“猛禽”发动机，总数达42台
财联社,2026-02-02 23:42:05,智利前总统巴切莱特将竞选联合国秘书长
同花顺,2026-02-02 23:37:43,俄外长：俄中协作为全球局势注入稳定性
财联社,2026-02-02 23:29:41,伊朗航空宣布恢复与土耳其、伊拉克重要航线
财联社,2026-02-02 23:28:47,美国总统特使与伊朗外长将于6日在土耳其会晤
财联社,2026-02-02 23:27:32,国家科教基础设施IP-SAFE项目加速器装置主体安装完成
财联社,2026-02-02 23:26:48,联黎部队警告以军可能在黎巴嫩境内投放不明化学物质
财联社,2026-02-02 23:24:47,美国制造业扩张速度创2022年以来最高 新订单和生产稳步增长
财联社,2026-02-02 23:20:42,英国宣布撤销一名俄罗斯外交官的身份认证
同花顺,2026-02-02 23:08:04,国泰海通：贵金属价格巨震 关注新任美联储主席带来的变化
财联社,2026-02-02 22:56:16,黄金波动率创2008年以来最高 连“过山车”般的比特币也相形见绌
财联社,2026-02-02 22:45:21,【电报解读】智元将举办全球首个大型机器人晚会“机器人奇妙夜”，机构称人形机器人已由“技术展示期”迈向“产品化与订单验证期”，这家公司已布局人形机器人关节电机环节
同花顺,2026-02-02 22:43:20,OpenAI创始人奥尔特曼称，英伟达生产的AI芯片是全球最出色的；希望长期成为“超级客户”
财联社,2026-02-02 22:42:26,国投瑞银白银LOF净值下跌31.5%创公募单日跌幅纪录！公司回应：调整估值所致
财联社,2026-02-02 22:41:32,香港金管局拟于3月发出首批稳定币牌照，但数量不多，以稳妥为主
同花顺,2026-02-02 22:40:39,伯克希尔哈撒韦于1月29日以每股约120.55美元的价格在公开市场出售了165.85万股德维特公司（DaVita）普通股
财联社,2026-02-02 22:40:18,美股存储板块走强
财联社,2026-02-02 22:35:46,本轮巴以冲突已致加沙地带71800人死亡
财联社,2026-02-02 22:30:44,纳指低开0.4% 甲骨文涨超3%
财联社,2026-02-02 22:16:51,四川调整商业用房购房贷款最低首付款比例政策
同花顺,2026-02-02 22:14:17,险资1月“淘金”科技股 参与调研机构大增超两成
同花顺,2026-02-02 22:12:27,多维度展现发展韧性 百余家央企控股上市公司2025年业绩报喜
财联社,2026-02-02 22:11:10,1月上海二手房成交量创5年同期新高 连续三个月突破2.2万套
同花顺,2026-02-02 22:09:40,美联储3月维持利率不变的概率为91.1%
财联社,2026-02-02 22:03:14,【公告全知道】光模块+机器人+算力租赁+商业航天+AI智能体！公司参股企业产品覆盖1.6T 超速、800G 及400G系列硅光模块等
同花顺,2026-02-02 22:02:46,COMEX黄金期货收跌1.35%，报4680.9美元/盎司
财联社,2026-02-02 22:02:24,【风口研报·洞察】受AI驱动的数据中心建设需求强劲，这个细分产品1月价格环比上涨79%，创下2023年以来首次大幅度持续改善，新一轮上行周期可能正在形成；春季躁动后大幅回撤概率不高
财联社,2026-02-02 22:01:03,全国移民管理工作会议在京召开 强调要稳步扩大移民管理领域制度型开放
财联社,2026-02-02 21:57:05,国投白银LOF：决定参考白银期货国际主要市场的价格变动幅度 对基金资产进行合理重估
同花顺,2026-02-02 21:55:34,美防长：美政府并不希望美伊走向军事对抗
财联社,2026-02-02 21:52:59,Strategy上周斥资7530万美元增持855枚比特币
财联社,2026-02-02 21:52:40,匈牙利外长：已就欧盟禁止进口俄能源的决定提起诉讼
同花顺,2026-02-02 21:51:12,英国对伊朗实施新一轮制裁
财联社,2026-02-02 21:50:23,全国工商联汽车经销商商会呼吁车企主动优化调整商务政策 奔驰部分车型指导价下调10%
财联社,2026-02-02 21:49:29,甲骨文启动至多八部分美元债发行 拟筹集200亿至250亿美元
同花顺,2026-02-02 21:48:14,美司法部下架部分爱泼斯坦案文件 称其中误含受害者信息
同花顺,2026-02-02 21:45:53,美国总统特朗普谈及司法部对美联储的调查时表示，将坚持到底，看看结果如何
同花顺,2026-02-02 21:40:52,美国总统特朗普表示，美联储主席候选人将做得很好
财联社,2026-02-02 21:37:22,财联社2月2日晚间新闻精选
财联社,2026-02-02 21:37:02,深圳水贝又一黄金平台爆雷
财联社,2026-02-02 21:29:40,格力电器：重视铝代铜技术研究 暂时没有铝代铜计划
财联社,2026-02-02 21:26:10,美股盘前要闻一览
财联社,2026-02-02 21:24:06,市场监管总局出台指导意见 促进特种设备检验机构高质量发展
财联社,2026-02-02 21:20:35,德意志银行2025年净利润71亿欧元 同比翻番
财联社,2026-02-02 21:19:40,涉嫌操纵民生商品价格 韩国52名企业高管遭起诉
财联社,2026-02-02 21:18:25,供应过剩难解 钛白粉上市公司靠技术升级、产能出海谋破局
财联社,2026-02-02 21:18:14,美股AI应用软件股盘前集体反弹 Unity Software涨近9%
财联社,2026-02-02 21:13:22,昊志机电：公司谐波减速器、行星减速器等核心产品 已向部分人形机器人厂商送样并形成小批量订单
财联社,2026-02-02 21:12:13,【财联社早知道】全球首个！智元机器人将举办大型机器人晚会“机器人奇妙夜”，机构预计2035年全球人形机器人市场规模或超4000亿元，这家公司可提供人形机器人用力矩传感器
财联社,2026-02-02 21:09:05,面对暴跌不为所动：从新加坡到悉尼 散户排起长龙争购黄金
财联社,2026-02-02 21:08:29,新疆克孜勒苏州阿合奇县发生3.0级地震 震源深度10千米
财联社,2026-02-02 21:03:53,钧崴电子：股东计划减持不超过3%公司股份
财联社,2026-02-02 20:59:24,抖音成为2026年中央广播电视总台新媒体《竖屏看春晚》独家合作伙伴 
财联社,2026-02-02 20:11:07,李强在山东调研
财联社,2026-02-02 20:10:51,深房中协：1月深圳二手房录得量6802套 创近10个月新高
财联社,2026-02-02 19:59:48,何立峰检查2026年春运工作时强调 全力做好出行服务保障工作 确保春运安全平稳顺利
财联社,2026-02-02 19:58:37,王小洪会见新加坡国家安全统筹部长兼内政部长尚穆根
财联社,2026-02-02 19:53:49,苹果在印度赢得重大利好 向代工商提供设备五年内将免税
财联社,2026-02-02 19:51:50,伊朗外交部发言人：与美会谈细节仍处于决策阶段
财联社,2026-02-02 19:46:48,【机构调研】这家洁净行业头部服务商具备全生命周期及一体化服务能力，电子板块营收占比近八成
财联社,2026-02-02 19:41:52,迪士尼2026财年Q1营收259.8亿美元 同比增长5%
财联社,2026-02-02 19:41:12,汉堡王中国股份出售交易完成 CPE源峰3.5亿美元控股
财联社,2026-02-02 19:39:33,润都股份：目前有1类创新药（化学药）盐酸去甲乌药碱注射液 药品能否获批上市等存在不确定性
财联社,2026-02-02 19:38:04,陈吉宁会见世界技能组织主席弗朗西斯·乌汉、首席执行官大卫·霍伊一行
财联社,2026-02-02 19:34:46,工信部发布强制性国家标准《汽车车门把手安全技术要求》
财联社,2026-02-02 19:31:58,梅德韦杰夫证实俄美正秘密磋商
财联社,2026-02-02 19:30:49,王沪宁会见俄罗斯自由民主党代表团
财联社,2026-02-02 19:29:28,厦金航线春运预计运送旅客超20万人次
财联社,2026-02-02 19:25:37,SpaceX据悉正与xAI就合并事宜进行深入谈判
财联社,2026-02-02 19:16:44,美银证券：维持恒隆地产“买入”评级 目标价10.4港元
财联社,2026-02-02 19:11:15,上期能源：做好市场风险控制工作
财联社,2026-02-02 19:09:16,上海年用电量首破2000亿千瓦时折射经济新动能
财联社,2026-02-02 19:09:14,乐鑫科技：拟以5000万元至1亿元回购股份用于员工持股或股权激励
财联社,2026-02-02 19:08:00,上期所发布关于做好市场风险控制工作的通知
财联社,2026-02-02 19:06:59,香港暂停进口德国、波兰和美国部分地区禽肉及禽类产品
财联社,2026-02-02 18:59:50,伊朗和美国将在未来几天内举行谈判
财联社,2026-02-02 18:59:00,印尼西爪哇省山体滑坡灾害死亡人数升至80人
财联社,2026-02-02 18:57:27,奥瑞德：拟投资约1.45亿元购买算力设备
财联社,2026-02-02 18:54:33,伊朗军方将在边境地区举行军事演习
财联社,2026-02-02 18:49:06,赵乐际主持召开十四届全国人大常委会第五十九次委员长会议 决定十四届全国人大常委会第二十次会议2月4日在京举行
财联社,2026-02-02 18:48:14,华为手机1月中国销量市场份额第一
财联社,2026-02-02 18:45:37,中国银行发布关于代理个人上金所业务调整白银延期合约业务参数的公告
财联社,2026-02-02 18:44:37,德国数万公共交通员工罢工 多市服务停摆
财联社,2026-02-02 18:43:37,伊朗媒体称伊美未来几天可能举行高规格谈判
财联社,2026-02-02 18:39:47,广期所：决定给予安徽硕铜国际贸易有限公司等4家公司公开谴责、暂停开仓交易6个月的纪律处分
财联社,2026-02-02 18:35:11,独家|多家黄金供应商暂停春节前银行现货金条供应
财联社,2026-02-02 18:14:34,百亿量化启林投资创始合伙人沈显兵去世 年仅40岁
同花顺,2026-02-02 18:11:22,OpenAI称，Codex应用今日在MacOS上线
财联社,2026-02-02 18:09:30,贝因美：控股股东预重整方案获债权人会议表决通过
财联社,2026-02-02 18:08:29,济川药业：全资子公司签署独家商业化合作协议
财联社,2026-02-02 18:06:39,武汉：举报烟花爆竹可获“百元交通卡”
财联社,2026-02-02 18:06:30,极米科技：拟以5000万元至1亿元回购股份用于员工持股计划或股权激励
同花顺,2026-02-02 18:05:16,瑞士央行行长施莱格尔：瑞士央行可将利率降至零以下，但需设定更高门槛
财联社,2026-02-02 18:04:48,春运首日预计全社会跨区域人员流动量超1.8亿人次
同花顺,2026-02-02 18:04:43,美联储博斯蒂克称他之前预计2026年不会有任何降息
财联社,2026-02-02 18:04:37,现货黄金、白银跌幅进一步收窄至3%以内 此前分别下挫10%、16%
财联社,2026-02-02 18:03:40,【机构龙虎榜解读】智能电网+光通信+超薄铜箔，国内少数具备500kV及以上高压电缆生产能力的企业，拥有“光棒—光纤—光缆”一体化产业链，5万吨超薄铜箔项目已进入设备安装调试阶段，这家公司获净买入
财联社,2026-02-02 18:01:31,今年北京中心城区将挖潜新增机动车停车位2万个
财联社,2026-02-02 18:01:27,俄称新一轮乌克兰问题谈判将于2月4日至5日举行
财联社,2026-02-02 18:00:44,天津市调整商业用房购房贷款最低首付款比例政策
同花顺,2026-02-02 18:00:01,美国天然气期货延续跌势，价格下跌25%至两周低点
财联社,2026-02-02 17:57:48,北京口岸新年首月入出境外国人数量同比增长超40%
财联社,2026-02-02 17:54:53,赛恩斯：拟开展钼加工及销售业务 通过钼加工综合回收铼
同花顺,2026-02-02 17:43:33,印度NIFTY50期货涨幅扩大至4.3%
同花顺,2026-02-02 17:43:20,欧洲股市重拾创纪录涨势，矿业股反弹
同花顺,2026-02-02 17:40:27,美国将把对印度的整体关税税率降至18%
同花顺,2026-02-02 17:32:13,印度同意在五年内向美国采购5000亿美元产品
同花顺,2026-02-02 17:21:30,英伟达与OpenAI的交易仍在讨论中
财联社,2026-02-02 17:16:06,牵涉爱泼斯坦案 英国前驻美大使曼德尔森宣布退出工党
同花顺,2026-02-02 17:15:08,美国劳工统计局将不会按时公布1月的就业报告
财联社,2026-02-02 17:13:29,纳指科技ETF：2月3日开市起至当日10:30停牌
财联社,2026-02-02 17:11:11,一图看懂：近37%个股年报预告“预喜” 宁波富邦摘得“预增王”宝座
同花顺,2026-02-02 17:10:57,【美国将把印度“对等”关税税率从25%下调至18% 即日起生效】财联社2月3日电，美国总统特朗普表示，他将把针对印度商品的“对等”关税税率从25%下调至18%。特朗普在Truth Social上发布了这一消息，特朗普称新关税税率立即生效。
财联社,2026-02-02 17:10:01,嘉实基金：嘉实黄金（QDII-FOF-LOF）2月3日起暂停申购
财联社,2026-02-02 17:09:20,国投白银LOF：将于2月3日开市起至当日10:30停牌
同花顺,2026-02-02 17:07:24,美股走高，道琼斯指数涨幅扩大至1%
财联社,2026-02-02 17:06:34,英国房价1月同比上涨1.0% 环比上涨0.3%
财联社,2026-02-02 17:04:29,贵州茅台旗下核心营销子公司换帅 谢钦卿被提名为新任董事长
财联社,2026-02-02 17:04:25,美股大型科技股盘前多数下跌
财联社,2026-02-02 17:04:05,机构：预估2026年第一季度存储器价格全面上涨
财联社,2026-02-02 17:03:11,十部门联合发布《低空经济标准体系建设指南（2025年版）》
财联社,2026-02-02 17:02:30,江西省政协原党组书记唐一军一审被判无期 受贿1.37亿余元
财联社,2026-02-02 17:01:52,中信银行上海审计中心总经理姜雨林接受审查调查
同花顺,2026-02-02 16:46:10,嘉能可接近授权花旗担任其与力拓集团合并谈判的顾问
同花顺,2026-02-02 16:34:01,美国财政部拍卖三个月期国债，得标利率3.6%
同花顺,2026-02-02 16:16:31,土耳其总统埃尔多安：将向制造业提供价值1000亿里拉的贷款计划
同花顺,2026-02-02 16:15:19,亚特兰大联储GDPNow模型预计美国第四季度GDP增速为4.2%
财联社,2026-02-02 16:10:59,加州推进新排放法规并拟推2亿美元电动车激励计划
财联社,2026-02-02 16:10:53,香港恒生科技指数收跌3.36% 贵金属板块大跌
财联社,2026-02-02 16:03:55,安永：机构数量持续创新高 外资金融机构深耕中国市场
财联社,2026-02-02 16:02:55,台积电2nm产能已被预订一空
财联社,2026-02-02 16:02:12,欧洲主要股指开盘集体下跌
财联社,2026-02-02 16:01:50,深圳长城开发科技股份有限公司原党委书记陈朱江接受审查调查
财联社,2026-02-02 16:00:53,花旗：黄金估值已达极端水平 下半年避险情绪消退将成最大利空
财联社,2026-02-02 15:56:44,日本近期灾害性强降雪已致至少27人死亡
财联社,2026-02-02 15:54:09,三星、SK海力士计划扩大尖端NAND产能
财联社,2026-02-02 15:52:40,伊朗武装部队总参谋长：地区战火将波及美国及其盟友
财联社,2026-02-02 15:52:27,WTI原油跌幅扩大至5%
同花顺,2026-02-02 15:51:11,美国天然气3月合约跌幅扩大至20%
财联社,2026-02-02 15:50:23,中信证券给予阿斯麦“买入”评级 目标价1620美元
同花顺,2026-02-02 15:50:14,诺和诺德称，CagriSema在减重效果上优于司美格鲁肽
同花顺,2026-02-02 15:48:39,阿布扎比的XRG公司签署最终协议，收购阿塞拜疆南部天然气走廊公司的股份
财联社,2026-02-02 15:47:28,小米智造基金等入股智能物联芯片研发商紫光青藤
财联社,2026-02-02 15:45:43,2月2日连板股分析：连板股晋级率42% 白酒板块逆势上涨
同花顺,2026-02-02 15:35:29,甲骨文公司据称将寻求发行50亿美元的强制性可转换债券
同花顺,2026-02-02 15:34:16,美国总统特使将与伊朗外长在土耳其会晤
同花顺,2026-02-02 15:26:47,罗素2000指数涨幅扩大至1.1%
财联社,2026-02-02 15:22:57,外交部回应春节出境游首选韩国
财联社,2026-02-02 15:19:44,菲律宾海岸警卫队修正沉船事故死亡人数为42人
同花顺,2026-02-02 15:19:44,欧洲斯托克600指数涨幅扩大至1%
财联社,2026-02-02 15:18:13,国债期货收盘多数下跌
财联社,2026-02-02 15:18:00,美银证券：升石药集团目标价至9.1港元 重申“跑输大市”评级
财联社,2026-02-02 15:16:22,海康威视：硬盘涨价对公司净影响为小幅正贡献
财联社,2026-02-02 15:14:14,2月2日涨停分析
财联社,2026-02-02 15:14:13,俄罗斯希韦卢奇火山再次喷发 航空预警升至最高等级
财联社,2026-02-02 15:13:24,我国湿地面积亚洲第一 国家湿地公园九成免费开放
同花顺,2026-02-02 15:12:38,纳斯达克综合指数涨幅扩大，现涨0.5%
财联社,2026-02-02 15:12:28,澳洲锂精矿上周发运环比减少7.6万吨
同花顺,2026-02-02 15:11:05,保时捷CEO表示考虑削减电动跑车产量以应对预算问题
同花顺,2026-02-02 15:09:48,Robinhood股价跌至七个月低点
财联社,2026-02-02 15:06:33,英财政部：将通过自愿离职方案将编制调整至常规水平 最高获10万英镑补偿
财联社,2026-02-02 15:04:52,亚马逊Q4业绩料“再度炸裂” 分析师目标价看涨近30%
财联社,2026-02-02 15:03:19,美银：全球股市面临下行风险 继续看好长期投资债券
财联社,2026-02-02 15:01:54,收评：三大指数均跌超2% 全市场超百股跌停
财联社,2026-02-02 15:01:09,国内商品期货收盘普跌 沪银、钯、铂等十几个品种集体跌停
财联社,2026-02-02 15:00:59,沃飞长空完成近10亿元单笔融资
同花顺,2026-02-02 15:00:29,期市夜盘收盘，国内期货主力合约多数下跌，原油跌超4%
同花顺,2026-02-02 14:57:14,全国最大规模高速公路超充站投运
同花顺,2026-02-02 14:32:35,俄罗斯克拉斯诺亚尔斯克边疆区发生交通事故 致5人死亡
同花顺,2026-02-02 14:31:42,美股开盘：美股三大指数集体低开
财联社,2026-02-02 14:21:41,特斯拉实现干电极电池规模化生产
财联社,2026-02-02 14:17:38,食品股午后局部异动 有友食品涨停
财联社,2026-02-02 14:09:03,独家|飞天茅台全国多地供应偏紧 部分经销商已开售3月配额
财联社,2026-02-02 14:04:13,中国农业发展银行湖南省分行原党委书记、行长吴晓轮接受纪律审查和监察调查
财联社,2026-02-02 14:02:34,工信部：2025年我国规上电子信息制造业增加值同比增长10.6%
同花顺,2026-02-02 14:01:25,蚂蚁通用AI助手灵光升级核心功能
同花顺,2026-02-02 13:57:34,普京签署命令 2026至2027年将举办“中俄教育年”
财联社,2026-02-02 13:51:57,沪深两市成交额连续第25个交易日突破2万亿 较上一日此时缩量超3400亿
财联社,2026-02-02 13:51:56,碳酸锂期货主力合约日内触及跌停
财联社,2026-02-02 13:50:49,沪铝期货主力合约日内触及跌停
财联社,2026-02-02 13:48:13,沪指、深成指跌逾2% 下跌个股近3900只
财联社,2026-02-02 13:47:41,沪镍期货主力合约日内触及跌停
财联社,2026-02-02 13:47:02,沪铜、国际铜期、铝合金期货主力合约日内触及跌停
同花顺,2026-02-02 13:46:34,以军称对黎南部发动新一轮空袭
同花顺,2026-02-02 13:44:04,中国贸促会副会长刘健男会见新加坡知识产权局局长陈光辉一行
财联社,2026-02-02 13:30:37,SC原油、燃料油主力合约触及跌停
财联社,2026-02-02 13:28:47,煤炭板块持续走弱 大有能源触及跌停
财联社,2026-02-02 13:24:39,【风口研报·业绩】消费级激光器+光通信MPO+硅光晶圆检测设备等，这家公司去年Q4净利同比翻倍，今年仍有高增长预期
财联社,2026-02-02 13:23:13,特斯拉最新人形机器人2026年底前启动量产
财联社,2026-02-02 13:22:27,春运首日铁路预计发送旅客1200万人次
财联社,2026-02-02 13:18:58,2026年春运今日启动 上海机场40天旅客吞吐量预计达到1553万人次
财联社,2026-02-02 13:18:30,新加坡航天局将于4月1日设立
财联社,2026-02-02 13:17:47,以美高级军官商讨对伊朗防务安排
同花顺,2026-02-02 13:15:51,现货黄金重回4800美元
财联社,2026-02-02 13:11:32,苏州：2025年全市实现地区生产总值27695.1亿元 同比增长5.4%
同花顺,2026-02-02 13:09:41,沪银期货主力合约打开跌停板，现跌幅缩窄至17.29%，此前一度跌20%
财联社,2026-02-02 13:08:39,机器人概念午后逆势拉升 模塑科技涨停
同花顺,2026-02-02 13:05:39,英诺激光：大股东宿迁红粹完成减持2.97%股份
同花顺,2026-02-02 13:05:14,钧崴电子：股东晟澜（珠海）产业投资合伙企业（有限合伙）拟减持不超过3%
财联社,2026-02-02 13:04:15,首案一审被判1年8个月，韩国前总统夫人金建希提出上诉
同花顺,2026-02-02 13:03:51,上期所沪锡主力合约大跌11%
同花顺,2026-02-02 13:03:22,上期所沪锡主力合约大跌10%
同花顺,2026-02-02 13:02:46,上期所沪银主力合约触及跌停
财联社,2026-02-02 13:02:44,劳拉·费尔南德斯宣布赢得哥斯达黎加总统选举
同花顺,2026-02-02 13:02:29,伊朗外长：愿在相互尊重基础上开展外交 绝不接受威胁
同花顺,2026-02-02 13:01:31,上期所沪锡主力合约大跌8%
同花顺,2026-02-02 13:01:26,期市夜盘开盘，国内期货主力合约多数下跌，沪银跌超14%
同花顺,2026-02-02 13:00:58,上期所沪银主力合约暴跌17%
同花顺,2026-02-02 12:57:27,以军称打死一名黎真主党防空部队核心指挥官
同花顺,2026-02-02 12:55:42,启智机器人完成近亿元Pre-A轮融资
同花顺,2026-02-02 12:54:06,金银大跌，持赢私募回应回撤传闻
同花顺,2026-02-02 12:53:40,以军向黎巴嫩南部部分居民发布“紧急警告”
同花顺,2026-02-02 12:51:19,伊朗警告美国理性对待伊武装力量 否则将遭强硬反制
财联社,2026-02-02 12:49:39,2025年保险业保费收入达到61194亿元 同比增长7.43%
同花顺,2026-02-02 12:48:40,伊朗表示无意将任何浓缩核材料转移至其他国家
同花顺,2026-02-02 12:48:19,中国能建召开2026年科技创新工作会
同花顺,2026-02-02 12:47:33,i茅台公布1月成绩单，飞天茅台成交超143万笔
同花顺,2026-02-02 12:44:32,上海振华重工集团与深能海洋能源公司举行工作会谈
财联社,2026-02-02 12:39:19,【电报解读】第三代特斯拉人形机器人即将亮相，机构称机器人能力的提升将带来需求端的爆发，这家公司已陆续推出灵巧手微型丝杠等产品
财联社,2026-02-02 12:35:49,广东：支持广期所适时研究推出碳排放权相关的期货品种
财联社,2026-02-02 12:17:50,白银全球资产市值缩水至4.331万亿美元 居全球第三位
财联社,2026-02-02 12:11:10,特斯拉：第三代特斯拉人形机器人即将亮相 预计年产百万台
财联社,2026-02-02 12:10:29,财联社2月2日午间新闻精选
同花顺,2026-02-02 12:07:54,2月2日 周一《新闻联播》要闻18条
财联社,2026-02-02 12:02:19,港股午评：恒生指数跌2.40% 恒生科技指数跌3.68%
同花顺,2026-02-02 11:55:42,深度智耀完成6000万美元D+轮融资
同花顺,2026-02-02 11:53:37,ST泉为：债权人申请重整及预重整
同花顺,2026-02-02 11:49:43,预计超1.8亿人次！2026年春运首日出行火热
同花顺,2026-02-02 11:46:54,京东旗下七鲜小厨成北京首家正式备案线上专供养老助餐点，已上线“长辈专区”
同花顺,2026-02-02 11:45:42,金埔园林：股东苏州新区高新完成减持0.8%
财联社,2026-02-02 11:42:33,九部门：持续完善银行卡、移动支付、现金服务等支付环境 便利春节期间入境游客支付
同花顺,2026-02-02 11:38:49,汉堡王股份出售交易完成，CPE源峰3.5亿美元控股
同花顺,2026-02-02 11:38:33,2025年“计量服务中小企业行”活动累计帮扶中小企业超过12万家
财联社,2026-02-02 11:37:33,2月2日午间涨停分析
同花顺,2026-02-02 11:37:23,据港交所文件：深圳市绿联科技股份有限公司向港交所提交上市申请书
财联社,2026-02-02 11:35:45,九部门：鼓励金融机构与重点商户合作策划春节专属活动 推出消费红包、消费立减等优惠
财联社,2026-02-02 11:33:50,九部门印发《2026“乐购新春”春节特别活动方案》 鼓励各地增加春节期间消费品以旧换新补贴数量
财联社,2026-02-02 11:33:26,午评：三大指数均跌超1% 资源股、芯片产业链集体调整
同花顺,2026-02-02 11:32:22,长龄液压：核芯破浪拟要约收购12%公司股份，要约价格35.82元/股
同花顺,2026-02-02 11:30:31,中航沈飞：2025年前三季度A股每股现金红利0.14元
同花顺,2026-02-02 11:24:34,红相股份：拟1.2亿元向福建闽高转让南通瀚蓝新能源有限公司100%股权
同花顺,2026-02-02 11:22:22,俄安全会议副主席：俄美《新削减战略武器条约》是建立信任的基础
同花顺,2026-02-02 11:21:46,美特使将访问以色列 与内塔尼亚胡等高层会晤
同花顺,2026-02-02 11:18:30,联检科技：联合设立产业基金，出资1300万元
同花顺,2026-02-02 11:17:50,道恩股份：拟收购越南公司股权 总购买价格约1573.7万美元
同花顺,2026-02-02 11:17:37,中船科技：重庆船舶工业和川东船舶重工拟协议转让2388.88万公司股份占总股本1.59%
同花顺,2026-02-02 11:14:53,甘咨询：拟将全资子公司甘肃省交通工程建设监理有限公司持有的甘肃华顺交通科技咨询有限责任公司80%股权划转至公司全资子公司甘肃省建设监理有限责任公司
同花顺,2026-02-02 11:13:04,乐鑫科技：拟以5000万元-1亿元回购公司股份
同花顺,2026-02-02 11:06:18,担忧价格与交割风险，多家黄金供应商暂停春节前银行现货金条供应
同花顺,2026-02-02 11:06:06,福晶科技：控股股东中科院福建物构所完成减持2%
同花顺,2026-02-02 11:05:42,奥瑞德：控股子公司拟投资1.45亿元采购算力设备
同花顺,2026-02-02 11:03:23,新兴装备：董事长李伟峰、独立董事刘华平辞职
财联社,2026-02-02 10:59:25,三大指数均跌逾1% 创业板指此前一度涨超1%
财联社,2026-02-02 10:59:03,SC原油主力合约日内跌超6%
同花顺,2026-02-02 10:58:59,智元机器人将举办全球首个大型机器人晚会“机器人奇妙夜”
财联社,2026-02-02 10:57:17,伊朗外长称有可能与美达成公平协议
财联社,2026-02-02 10:56:29,主力资金监控：中际旭创净卖出超23亿
财联社,2026-02-02 10:55:42,上海市松江区：深化科技创新和产业创新融合 积极培育6G、基因与细胞治疗、智能计算等未来产业
财联社,2026-02-02 10:55:38,【盘中宝】海内外科技公司加码研发，技术突破下这类AI产品快速放量，这家公司已与业内头部厂商开展合作
财联社,2026-02-02 10:53:48,上海市松江区：实施高技能人才培育计划 重点覆盖集成电路、航空航天等产业
财联社,2026-02-02 10:52:56,电力板块局部异动 晋控电力直线涨停
财联社,2026-02-02 10:48:05,光通信概念逆势活跃 长飞光纤6天3板续创历史新高
同花顺,2026-02-02 10:47:08,华为手机1月销量市场份额第一
同花顺,2026-02-02 10:44:57,马年生肖茅台批价单日下跌300元
财联社,2026-02-02 10:41:07,白家犯罪集团案4名罪犯被执行死刑
同花顺,2026-02-02 10:39:51,易瑞生物：控股股东及一致行动人合计减持2.6366%
财联社,2026-02-02 10:37:09,山西2025年新能源和清洁能源装机占比首超煤电
同花顺,2026-02-02 10:36:22,电投水电：拟通过并购贷款方式筹集资金不超过36.04亿元
财联社,2026-02-02 10:34:40,【电报解读】互联网大厂扎堆春节营销，AI电商在AI超级入口战争里扮演了极其关键的角色，这家公司与阿里巴巴的合作聚焦于AI数据分析
财联社,2026-02-02 10:34:36,深成指跌逾1% 下跌个股近3000只
同花顺,2026-02-02 10:34:00,九联科技：公司实控人、董事詹启军和林榕合计持股比例由20.49%减少至17.49%
财联社,2026-02-02 10:33:37,钨粉价格突破150万元/吨
财联社,2026-02-02 10:31:47,国投白银LOF复牌跌停
同花顺,2026-02-02 10:31:42,伊朗召见所有欧洲国家驻伊大使并发出书面抗议
同花顺,2026-02-02 10:30:15,京基智农：已累计回购1.03%公司股份
同花顺,2026-02-02 10:29:58,顺丰控股：截至2026年1月31日，累计回购4828.87万股
财联社,2026-02-02 10:29:46,广东：鼓励上市公司综合运用股份、定向可转债、现金等支付工具实施整合兼并 优化产业链布局
财联社,2026-02-02 10:28:54,国家医疗保障局：针对欺诈骗保问题 坚定不移“减存量、遏增量”
同花顺,2026-02-02 10:27:44,中国国航2026年春运计划执行客运航班超过7万班次
同花顺,2026-02-02 10:17:28,协和电子：500万元参与设立基金
同花顺,2026-02-02 10:17:12,横店影视：不存在应披露而未披露的重大信息
同花顺,2026-02-02 10:16:56,蔚来旗下乐道品牌登陆海外市场，首站乌兹别克斯坦
同花顺,2026-02-02 10:15:36,朗进科技：浙江经建投协议转让公司股份获浙江省交通投资集团批复
同花顺,2026-02-02 10:15:25,上大股份：员工战略配售资管计划已减持2.03%
同花顺,2026-02-02 10:08:06,电气风电中标福建华电长乐外海K区55万千瓦海上风电项目
同花顺,2026-02-02 10:05:43,极米科技：拟以5000万元-1亿元回购公司股份
同花顺,2026-02-02 10:05:33,现货黄金、白银跌幅进一步收窄至3%以内，此前分别下挫10%、16%
同花顺,2026-02-02 10:03:51,万源通：全资子公司拟购买总价约875万元土地使用权
同花顺,2026-02-02 10:02:25,明阳科技：苏州明玖、苏州玫玖合计持股比例降至70.0000%
同花顺,2026-02-02 10:01:49,华峰测控：财务总监黄颖已减持0.0021%
同花顺,2026-02-02 09:58:15,勤上股份：终止1.15%已回购股份减持计划
同花顺,2026-02-02 09:54:02,2连板西上海：公司股票价格短期涨幅较大 存在市场情绪过热、非理性炒作风险
同花顺,2026-02-02 09:52:43,巨力索具：控股股东及实控人合计质押1.55%
同花顺,2026-02-02 09:51:50,多平台公布涉“AI魔改”违规视频最终处置结果
同花顺,2026-02-02 09:49:21,同德化工：控股股东张云升被冻结1.53%公司股份
同花顺,2026-02-02 09:41:46,亿帆医药：获得维生素K1注射液药品注册证书
财联社,2026-02-02 09:33:59,CPO概念反复活跃 新易盛涨超10%续创历史新高
财联社,2026-02-02 09:31:23,电网设备板块逆势走强 顺钠股份等多股涨停
财联社,2026-02-02 09:29:52,特朗普拒谈支付美国拖欠的联合国会费
财联社,2026-02-02 09:29:50,金饰克价跌至1484元 单日再跌134元/克
财联社,2026-02-02 09:28:43,有色板块继续大面积低开 白银有色等三十余股跌停
财联社,2026-02-02 09:28:06,上海市黄浦区：保护企业合法权益 持续打击涉企网络谣言、“网络水军”等违法行为
财联社,2026-02-02 09:27:59,油气股大面积低开 中曼石油等多股跌停
财联社,2026-02-02 09:27:31,三大指数开盘涨跌不一
财联社,2026-02-02 09:25:14,港股有色金金属股全线走低 灵宝黄金跌近14%
财联社,2026-02-02 09:22:48,【盘中宝】马斯克推进太空算力布局，该类技术帮助利用太阳能运行数据中心是方向之一，其核心任务正转向持续供能等高阶需求，这家企业已为航空航天相关装置提供服务
财联社,2026-02-02 09:21:32,央行公开市场净回笼755亿元
财联社,2026-02-02 09:21:13,中信证券：2026年黄金有望涨至6000美元/盎司 银价120美元/盎司
财联社,2026-02-02 09:20:56,港股低开 恒生指数、恒生科技指数均跌超1%
财联社,2026-02-02 09:20:13,中国—乌拉圭经贸混委会第22次会议在京召开
同花顺,2026-02-02 09:15:54,上交所：对国科军工及时任董事会秘书邓卫勇予以监管警示
同花顺,2026-02-02 09:09:03,嘉实原油LOF、嘉实黄金LOF：决定自2026年2月3日起暂停本基金的申购（含定期定额投资）业务。
同花顺,2026-02-02 09:08:48,花旗集团对中兴通讯的多头持仓比例降至6.61%
同花顺,2026-02-02 09:08:38,花旗集团对潍柴动力的多头持仓比例降至5.35%
同花顺,2026-02-02 09:08:31,摩根大通（JPMorgan）对瑞声科技的多头持仓比例增至7.3%
同花顺,2026-02-02 09:08:25,贝莱德（BlackRock）对美团-W的多头持仓比例增至6.0%
同花顺,2026-02-02 09:08:15,华为联合周大福推出黄金耳机配饰
同花顺,2026-02-02 09:06:16,中农联合：公司及控股股东、实际控制人不存在应披露而未披露的重大事项
同花顺,2026-02-02 09:05:42,粤电力A：茂名博贺电厂4号机组并网投产
同花顺,2026-02-02 09:03:00,中兴通讯：拟作为有限合伙人出资1.17亿元认购建兴湛卢基金份额
同花顺,2026-02-02 09:01:11,美股大型科技股盘前普跌，特斯拉跌1%
同花顺,2026-02-02 09:01:07,美股中概股盘前普跌，小鹏汽车跌5%
同花顺,2026-02-02 09:00:58,牵涉爱泼斯坦案，英国前驻美大使曼德尔森宣布退出工党
同花顺,2026-02-02 09:00:38,维远股份：25万吨/年电解液溶剂项目已投产
同花顺,2026-02-02 09:00:19,2连板利通电子：公司目前并无相关液冷产品的具体开发与生产计划 公司无星云算力调度平台
同花顺,2026-02-02 09:00:11,日媒：伊朗相关局势升温，阿联酋总统将取消访日行程
同花顺,2026-02-02 08:59:01,盛屯矿业今日跌停，有4家机构专用席位净卖出3.91亿元
同花顺,2026-02-02 08:58:27,开普云今日20cm跌停，有3家机构专用席位净卖出2.44亿元
财联社,2026-02-02 08:14:27,现货白银日内转涨 早盘一度跌超10%
同花顺,2026-02-02 08:13:56,2026年春运白云机场预计接送旅客1051.31万人次，同比增长11.77%
同花顺,2026-02-02 08:11:46,港股收评：恒生科技指数跌3.36%，恒生指数跌2.23%
财联社,2026-02-02 08:10:21,中信建投：监管不再要求房企上报三条红线指标 房企信用领域出现两则利好
财联社,2026-02-02 08:10:18,全国铁路春运今日启动 预计发送旅客5.4亿人次
同花顺,2026-02-02 08:09:19,俄称挫败一起爆炸袭击图谋 袭击者携带“音箱”炸弹
财联社,2026-02-02 08:07:36,中信建投：看好春节前后白酒板块或迎十年大底投资机会
财联社,2026-02-02 08:07:07,财联社2月2日早间新闻精选
同花顺,2026-02-02 08:06:45,2026年春运启动 大连港开通新能源车辆运输航线
同花顺,2026-02-02 08:03:52,公安机关从南非引渡一名经济犯罪嫌疑人 涉案4900余万元
财联社,2026-02-02 08:03:43,中金：沃什的提名短期对降息路径影响有限 但可能导致美元流动性的预期修正
财联社,2026-02-02 08:02:17,【九点特供】AI超算带火变压器，国产“电力心脏”订单排到2027年；腾讯元宝打响AI红包大战并登顶苹果商店免费榜，分析师看好支撑腾讯生态运行的基础设施与服务公司，这家公司与腾讯签订了《算力服务协议》
同花顺,2026-02-02 08:01:32,欧洲主要股指开盘多数下跌
财联社,2026-02-02 07:59:05,北交所迎来2026年首单IPO申报项目
同花顺,2026-02-02 07:57:01,宁波海运：董事长董军因工作变动辞职
同花顺,2026-02-02 07:56:28,拜耳旗下爱乐维向嫣然天使儿童医院捐赠100万元
财联社,2026-02-02 07:55:36,华泰证券：春季行情启动的核心驱动并未发生根本性变化 关注绩优、低位方向
同花顺,2026-02-02 07:52:38,小红书成为2026年央视春晚独家真人笔记互动社区
同花顺,2026-02-02 07:52:25,京东旗下欧洲线上零售业务Joybuy将于3月上线
财联社,2026-02-02 07:50:37,投资日历：周一资本市场大事提醒
同花顺,2026-02-02 07:49:26,葵花药业：易活牌益生菌粉注册申请已受理
财联社,2026-02-02 07:48:29,国家医疗保障局：持续开展医保基金管理突出问题专项整治
同花顺,2026-02-02 07:47:39,法国外长：乌得到的财政支持全部来自欧洲
同花顺,2026-02-02 07:45:04,海鸥住工：完成回购0.8253%公司股份
同花顺,2026-02-02 07:44:44,微电生理：产品一次性使用心腔内超声成像导管获得注册证
财联社,2026-02-02 07:43:25,【点金互动易】先进封装+钙钛矿，TGV激光微孔设备覆盖晶圆级和面板级封装，并出货玻璃基板通孔设备，这家公司已将技术用于钙钛矿电池及组件
同花顺,2026-02-02 07:37:44,南山铝业成立科技新公司，注册资本1亿元
同花顺,2026-02-02 07:37:08,传闻提“IPO现场检查比例上调、投行项目批量暂停”等多个政策变化 多方求证：旧闻拼接“小作文”
同花顺,2026-02-02 07:35:43,邮储银行发布贵金属市场风险提示
同花顺,2026-02-02 07:34:11,上汽集团：1月新能源汽车销量同比增39.73%
同花顺,2026-02-02 07:32:17,加沙边境拉法口岸正式启动双向人员常规通行工作
同花顺,2026-02-02 07:23:46,茅台价格四天上演“过山车”，酒商直呼看不懂
同花顺,2026-02-02 07:22:22,具身机器人行业融资规模再刷新高 逐际动力完成2亿美元B轮融资
同花顺,2026-02-02 07:20:40,中兴通讯上线Co-Claw企业版
同花顺,2026-02-02 07:08:58,屹普动力完成新一轮融资
同花顺,2026-02-02 07:08:44,中金保时捷基金入股AI大模型公司面壁智能
同花顺,2026-02-02 07:07:59,谌贻琴将访问西班牙并出席米兰冬奥会开幕式
同花顺,2026-02-02 07:03:03,多只有色金属股巨额卖单压顶，白银有色超66亿元居首
同花顺,2026-02-02 07:02:48,股指期货午盘收盘全线低走
同花顺,2026-02-02 07:02:22,期货收评: “跌停潮”来袭！贵金属、有色、原油全线重挫 多合约跌停
同花顺,2026-02-02 07:02:06,ETF收评：新经济ETF银华领涨7.57%，黄金股ETF工银领跌10.02%
同花顺,2026-02-02 07:01:09,A股收评：三大指数均跌超2%，资源周期股、半导体板块集体重挫
同花顺,2026-02-02 07:01:04,ETF两市成交额6768.09亿元
同花顺,2026-02-02 07:00:26,中国民航局：就中国商飞C919型飞机专用条件征求意见
同花顺,2026-02-02 06:59:45,首创期货：市场看空情绪较浓，PS2605合约午盘盘中跌超5%
同花顺,2026-02-02 06:59:41,郑商所对二甲苯主力合约大跌5%
同花顺,2026-02-02 06:58:13,沪深京三市成交额超2.5万亿元，较上日此时缩量2611亿元
财联社,2026-02-02 06:58:08,【研选】封测厂商已开启涨价浪潮，分析师看好已具备关键先进封装平台能力且站在国产算力支持一线的关键企业；公司冲压+电镀业务双线并行，冲压件业务向小米、特斯拉等客户拓展
同花顺,2026-02-02 06:56:01,铝合金期货跌停，再生铝价短期弱势震荡
同花顺,2026-02-02 06:54:35,“杰我睿”事件连锁反应：黄金平台云点当出现兑付异常
财联社,2026-02-02 06:54:15,双层石墨烯展现超流体向“超固体”转变
财联社,2026-02-02 06:53:42,我国西北地区最高风电项目首批风机并网
财联社,2026-02-02 06:53:15,新型光学腔体实现原子级高效光操控
同花顺,2026-02-02 06:53:10,中证1000股指期货(IM)主力合约日内跌超5%
财联社,2026-02-02 06:52:48,“光流”3D微纳制造可用多种材料
财联社,2026-02-02 06:52:05,周一（2月2日）重点关注财经事件和经济数据
财联社,2026-02-02 06:47:15,手机“贴一贴”可能无形中泄密 国家安全部最新披露
财联社,2026-02-02 06:42:26,中央金融委员会办公室 中央金融工作委员会：锚定建设金融强国目标 走好中国特色金融发展之路
财联社,2026-02-02 06:28:37,科技大厂角逐AI流量新入口
财联社,2026-02-02 06:27:07,也门政府谴责胡塞武装阻止客机在摩卡机场降落
同花顺,2026-02-02 06:23:53,上期所沪金主力合约触及跌停
同花顺,2026-02-02 06:23:02,COMEX黄金期货大跌5%
同花顺,2026-02-02 06:21:41,现货黄金失守4490美元/盎司
同花顺,2026-02-02 06:21:05,黄金一度暴跌1000美元，业内提示警惕抄底风险
财联社,2026-02-02 06:20:52,多重风险高悬 一批*ST公司拉响退市风险“警报”
同花顺,2026-02-02 06:20:43,专家称白银价格或见顶 白银下跌或持续至四季度
同花顺,2026-02-02 06:19:21,沪深京三市成交额超2.2万亿元，较上日此时缩量3217亿元
财联社,2026-02-02 06:19:07,1月权益类ETF净流出近8000亿元
财联社,2026-02-02 06:18:13,春季行情向纵深演绎 机构判断市场风格或趋于均衡
同花顺,2026-02-02 06:17:29,白酒股再度拉升，金徽酒涨停
同花顺,2026-02-02 06:15:21,苏丹能源部长出席2026年印度能源周活动
同花顺,2026-02-02 06:15:19,食品股短线拉升，有友食品涨停
财联社,2026-02-02 06:15:09,125份北交所公司业绩预告出炉 高增长阵营凸显产业新动能
财联社,2026-02-02 06:12:58,新一轮冬季风暴已致美国2人死亡
同花顺,2026-02-02 06:11:26,天准星智推出基于Jetson T4000的具身大脑域控制器
同花顺,2026-02-02 06:09:30,飞天茅台全国多地供应偏紧 部分经销商已开售3月配额
财联社,2026-02-02 06:04:12,美联储3月维持利率不变的概率为84.7%
同花顺,2026-02-02 06:04:12,LME锡主力合约大跌8%
财联社,2026-02-02 06:01:54,以总理内塔尼亚胡与高级官员讨论伊朗紧张局势
财联社,2026-02-02 05:57:20,以军称在黎巴嫩南部打死一真主党高级指挥官
同花顺,2026-02-02 05:55:58,上期所沥青主力合约大跌5%
同花顺,2026-02-02 05:54:32,紫金矿业成交额达200亿元
同花顺,2026-02-02 05:54:30,大商所乙二醇主力合约大跌5% 郑商所红枣主力合约跌超2%
同花顺,2026-02-02 05:53:53,现货黄金失守4500美元/盎司
同花顺,2026-02-02 05:53:02,现货黄金失守4520美元/盎司
同花顺,2026-02-02 05:52:08,广期所多晶硅主力合约大跌5%
同花顺,2026-02-02 05:51:14,广期所碳酸锂主力合约触及跌停
财联社,2026-02-02 05:46:47,美官员称美政府已通过多渠道向伊朗传达谈判意向
同花顺,2026-02-02 05:32:12,NYMEX钯金主力合约大跌6%
同花顺,2026-02-02 05:31:38,上期所燃油及低硫燃油主力合约均触及跌停
同花顺,2026-02-02 05:31:15,上期所铝合金主力合约大跌6%
同花顺,2026-02-02 05:30:42,上期所原油主力合约触及跌停
同花顺,2026-02-02 05:30:42,上期所燃油主力合约大跌6%
同花顺,2026-02-02 05:29:05,富时中国A50指数期货跌1%
财联社,2026-02-02 05:28:34,墨西哥总统宣布将向古巴提供援助并推动恢复石油供应
同花顺,2026-02-02 05:26:44,WTI原油跌超5%，石油ETF(561360)跌超5%，近1月份额增加699.5%
同花顺,2026-02-02 05:24:41,WTI原油大跌5%
同花顺,2026-02-02 05:22:31,NYMEX铂金主力合约大跌5%
同花顺,2026-02-02 05:20:22,ETF两市成交额超4000亿元
同花顺,2026-02-02 05:20:15,菲律宾南部沉船事故死亡人数升至43人
同花顺,2026-02-02 05:19:36,沪深京三市成交额超1.8万亿元，较上日此时缩量3411亿元
同花顺,2026-02-02 05:19:00,光大期货：史诗级巨震，黄金还能重回巅峰吗？
同花顺,2026-02-02 05:17:35,新华社与东风汽车签署战略合作协议
同花顺,2026-02-02 05:17:14,布伦特原油期货向下触及66美元/桶，日内跌5.4%
同花顺,2026-02-02 05:15:25,领益智造与魔法原子达成战略合作，后者将参加2026春晚机器人表演
同花顺,2026-02-02 05:09:13,以太币跌至2025年6月22日以来的最低水平，报2166.79美元
同花顺,2026-02-02 05:03:55,沪深京三市成交额超1.7万亿元，较上日此时缩量3087亿元
财联社,2026-02-02 04:45:15,“AI+医疗”应用边界引关注 专家建议全链条动态监管
同花顺,2026-02-02 04:42:45,去年深圳特殊监管区域外贸进出口首破万亿元
同花顺,2026-02-02 04:39:53,国产大飞机航线+1春运首日东航C919开始执飞上海往返珠海航线
同花顺,2026-02-02 04:34:35,广东：支持广州期货交易所推进碳排放权期货市场建设
同花顺,2026-02-02 04:32:43,小鹏人形机器人IRON线下首秀“翻车”，何小鹏回应
同花顺,2026-02-02 04:20:04,工人酸菜池吸烟吐痰厂方被罚
同花顺,2026-02-02 04:15:45,古巴强调反恐立场 提议与美国恢复多领域技术合作
同花顺,2026-02-02 04:14:34,白银总市值跌至全球第三位
财联社,2026-02-02 04:13:51,巴基斯坦俾路支省反恐行动打死145名恐怖分子
同花顺,2026-02-02 04:13:31,2月2日午间公告一览：首程控股参与投资华夏中核清洁能源REIT
财联社,2026-02-02 04:13:14,以色列在拉法口岸以军控制区设专用安检通道
同花顺,2026-02-02 04:11:42,特斯拉：第三代特斯拉人形机器人即将亮相
同花顺,2026-02-02 04:09:19,黄仁勋：英伟达对OpenAI的千亿美元投资计划“不构成承诺”
同花顺,2026-02-02 04:05:31,斯洛伐克议员：高市错误言论极不负责任
同花顺,2026-02-02 04:03:23,纽约期银失守76美元/盎司，日内跌3.22%
同花顺,2026-02-02 04:03:14,现货白银日内跌10%，现报75.97美元/盎司
同花顺,2026-02-02 04:02:26,港股午评：恒生科技指数跌3.68%，恒生指数跌2.4%
同花顺,2026-02-02 03:59:54,马斯克：Grok Imagine 1.0 版本现已全面发布
同花顺,2026-02-02 03:55:58,韩国证券交易所短暂暂停股票交易
财联社,2026-02-02 03:55:54,贝莱德、太平洋投资管理公司认为市场普遍忽视的通胀风险真实存在
同花顺,2026-02-02 03:54:44,韩国首尔综合指数日内大跌5%
同花顺,2026-02-02 03:48:02,消费红包、支付满减！九部门发文鼓励金融机构与重点商户合作策划春节专属活动
同花顺,2026-02-02 03:47:48,太阳今日爆发X8.1级耀斑 为2024年10月以来最强耀斑
同花顺,2026-02-02 03:47:30,商务部等9单位：开展有奖发票
财联社,2026-02-02 03:22:49,美驱逐舰结束访问离开以色列埃拉特港
同花顺,2026-02-02 03:02:37,沪深京三市成交额超1.5万亿元，较上日此时缩量2749亿元
同花顺,2026-02-02 03:00:41,A股三大指数均跌超1%，全市场超3200只个股下跌
同花顺,2026-02-02 02:59:40,港股持续走弱，恒生科技指数跌超3%
同花顺,2026-02-02 02:59:23,油价将迎两连涨，机构预测周三加满一箱油多花11元
同花顺,2026-02-02 02:58:44,南向资金净买入超40亿港元
同花顺,2026-02-02 02:56:41,韩国锌业股价下跌12%，至165.2万韩元
同花顺,2026-02-02 02:55:18,机构：日本国债收益率曲线到第四季度或将熊市趋陡
同花顺,2026-02-02 02:53:42,上期所欧线集运主力合约大跌5%
财联社,2026-02-02 02:49:11,免税经济“多点开花”赋能消费增长
同花顺,2026-02-02 02:46:26,我国湿地面积居亚洲第一、世界第四
同花顺,2026-02-02 02:44:59,博茨瓦纳发生口蹄疫疫情
同花顺,2026-02-02 02:41:28,卡莱特推出Mica P100产线机器人
同花顺,2026-02-02 02:34:43,强脑科技公布灵巧手相关专利
同花顺,2026-02-02 02:33:44,深证成指跌1%
同花顺,2026-02-02 02:29:15,7部影片定档2026春节档
同花顺,2026-02-02 02:26:18,求是网：积极推动物价合理回升
同花顺,2026-02-02 02:25:04,广东：支持在不同用途用地之间合理实行功能转换、混合设置，满足新兴产业、未来产业发展的新型用地需求
同花顺,2026-02-02 02:24:44,河南具身智能公司与宇树科技签署战略合作协议
财联社,2026-02-02 02:13:15,世界顶尖科学家峰会在阿联酋迪拜举行
财联社,2026-02-02 02:04:49,特朗普再次表态：将与古巴达成协议
财联社,2026-02-02 02:03:44,特朗普称希望与伊朗“能够达成协议”
财联社,2026-02-02 01:55:10,泽连斯基：乌谈判团队将于2日晚前往乌美俄三方会谈地点
财联社,2026-02-02 01:49:25,新能源重卡月度渗透率突破50% 创下行业新纪录
财联社,2026-02-02 01:48:04,券商本月金股热门标的渐次“露面”
同花顺,2026-02-02 01:35:12,港股汽车股集体走低，小鹏汽车-W跌超9%
同花顺,2026-02-02 01:34:15,LME锡主力合约大跌5%
同花顺,2026-02-02 01:33:11,港股恒生科技指数跌幅达2%
同花顺,2026-02-02 01:32:47,石油天然气板块大幅回调，准油股份等股跌停
同花顺,2026-02-02 01:32:29,股指期货早盘开盘集体低开
同花顺,2026-02-02 01:31:52,创业板指涨1%
同花顺,2026-02-02 01:31:21,影视院线板块盘初上扬，横店影视3连板
同花顺,2026-02-02 01:29:55,CPO等算力硬件股多数高开，新易盛高开9%
同花顺,2026-02-02 01:28:10,电网设备板块高开，杭电股份2连板
同花顺,2026-02-02 01:26:40,黄金、有色金属板块大面积跌停，湖南黄金等多股跌停
同花顺,2026-02-02 01:26:27,小米入股智能物联芯片解决方案提供商紫光青藤
同花顺,2026-02-02 01:26:05,ETF开盘：电网设备ETF领涨1.97%，黄金股ETF工银领跌10.02%
同花顺,2026-02-02 01:25:34,A股开盘：三大指数涨跌不一
同花顺,2026-02-02 01:25:00,智元机器人在成都新设子公司，含多项AI业务
同花顺,2026-02-02 01:22:45,央行进行750亿元7天期逆回购操作
同花顺,2026-02-02 01:22:17,港股三大通信运营商低开，中国联通跌超7%
同花顺,2026-02-02 01:20:54,港股开盘：恒生指数低开1.06%，恒生科技指数低开1.29%
同花顺,2026-02-02 01:19:29,上一交易日ETF两市融资融券余额1231.47亿元
财联社,2026-02-02 00:49:15,海南自贸港封关后首迎春运 琼州海峡新能源车辆运力提升40%
财联社,2026-02-02 00:37:48,乌称第聂伯罗彼得罗夫斯克州一巴士遭俄袭击 致15死7伤
财联社,2026-02-02 00:34:48,印尼西爪哇省山体滑坡灾害死亡人数升至74人
财联社,2026-02-02 00:19:58,瑞士酒吧新年火灾事故死亡人数上升至41人
同花顺,2026-02-02 00:18:21,2026年铁路春运今日启动，预计发送旅客5.4亿人次
同花顺,2026-02-02 00:16:28,现货白银大涨6%
同花顺,2026-02-02 00:16:20,纽约期金站上4870美元/盎司
同花顺,2026-02-02 00:15:44,现货白银大涨5%
同花顺,2026-02-02 00:13:02,现货白银站上84美元/盎司
同花顺,2026-02-02 00:11:36,业内人士：AI无人驾驶人工标注仍是核心
财联社,2026-02-02 00:10:10,以防长办公室：以军总参谋长在与美高官会谈完成后结束访美行程
财联社,2026-02-02 00:08:55,伊朗外长：对与美国就核问题达成协议“仍然有信心”
同花顺,2026-02-02 00:07:19,野村股价一度跌5.3%，该公司此前公布的利润不及预期
同花顺,2026-02-02 00:04:10,Kimi海外收入已超国内，推进“Anthropic + Manus”战略
同花顺,2026-02-02 00:03:14,日韩股市涨跌互现
同花顺,2026-02-02 00:03:03,中国微短剧出海势头强劲，海外应用数量突破300款
同花顺,2026-02-01 23:57:57,中信建投：继续看多AI与商业航天
同花顺,2026-02-01 23:57:10,渣打中国行长鲁静：金融功能持续完善 人民币为国际货币体系提供新选择
同花顺,2026-02-01 23:54:31,国家医保局：持续开展医保基金管理突出问题专项整治
财联社,2026-02-01 23:52:29,苏丹喀土穆国际机场迎来近3年来首个商业客运航班
同花顺,2026-02-01 23:50:58,美国天然气期货下跌近16%，至每百万英热单位3.67美元
同花顺,2026-02-01 23:50:17,黄仁勋否认对OpenAI不满 透露将巨额投资
同花顺,2026-02-01 23:44:26,以军总参谋长与美军高层会谈，协调对伊防务安排
同花顺,2026-02-01 23:40:06,绿证交易活跃度提升 专家提醒别患上“依赖症”
同花顺,2026-02-01 23:37:37,委内瑞拉首次出口液化石油气
同花顺,2026-02-01 23:34:47,美伊释放对话信号 专家：双方均有谈判意愿但存严重分歧
财联社,2026-02-01 23:16:50,“杰我睿”事件连锁反应：黄金平台“云点当”出现兑付异常
财联社,2026-02-01 22:59:13,菲渡轮沉没事故遇难人数升至40人
财联社,2026-02-01 22:52:45,海南岛西部海域一货船倾覆 4人被救 2人失联
财联社,2026-02-01 22:50:45,美国东南沿海多地遭遇数十年来最强风雪与风暴潮
财联社,2026-02-01 22:46:55,中企承建埃塞俄比亚风电项目投产
财联社,2026-02-01 22:43:55,【寻找年报预期差】液冷+谷歌+存储+英伟达，2025年净利同比预增超450%！这家公司自主研发液冷模组，通过大客户认证并开始批量交付相关测试设备及模组，从而实现AI服务器和数据云服务业务快速增长
财联社,2026-02-01 22:33:49,启明星辰：2026年将构建创新性增长曲线 聚焦于“AI+”等四大技术领域
财联社,2026-02-01 22:23:21,【金牌纪要库】SpaceX星舰对高温合金需求将显著增长，同时高温合金也受益火箭厂商对大推力、高发动机性能的追求
财联社,2026-02-01 22:14:07,哈马斯：对开放拉法口岸设置障碍将违反加沙停火协议
财联社,2026-02-01 22:07:18,华懋科技：并购交易财务数据补充 收购正常推进
财联社,2026-02-01 22:03:35,【公告全知道】存储芯片+CPO+卫星互联网+机器人+PCB！公司800G光模块用PCB已稳定供货国内外一线光模块厂商
财联社,2026-02-01 22:02:50,下周资本市场大事提醒：美国将公布1月非农就业数据 芝商所宣布上调多个贵金属期货保证金比例
财联社,2026-02-01 21:53:07,【风口研报·洞察】媒体跨界带火广东年菜，“线下品鉴+线上直达”模式重塑传统消费路径，叠加AI技术逐步渗透，消费领域的增长机制有望逐步变革；如何看待有色金属的高波动
财联社,2026-02-01 21:47:16,王毅同俄罗斯联邦安全会议秘书绍伊古进行战略沟通
财联社,2026-02-01 21:34:55,华为云发布业界首个智慧病理云边端解决方案
财联社,2026-02-01 21:13:03,八国外长发表联合声明 强烈谴责以色列违反加沙停火协议
财联社,2026-02-01 21:05:19,隆华科技：目前已与多家业内主要商业航天企业建立配套合作关系
财联社,2026-02-01 20:49:25,以军称对黎巴嫩南部发动打击
财联社,2026-02-01 20:42:04,以美军方高层被曝本周末密集会谈 讨论对伊朗打击行动
财联社,2026-02-01 20:26:21,特朗普威胁对加采取“重磅措施”
财联社,2026-02-01 20:22:17,【风口研报·公司】受益PCB板材迭代升级，公司工艺已在M9的PCB板上通过内部验证，叠加在声、光、电、热等领域的不断拓展，未来成长空间广阔；策略：短期A股需下探震荡区间下限，开启区间震荡行情
财联社,2026-02-01 20:02:04,2月1日周日《新闻联播》要闻24条
财联社,2026-02-01 19:52:28,上海2025年用电量首破2000亿千瓦时
财联社,2026-02-01 19:31:30,广深港高铁今年1月跨境客流超260万人次
财联社,2026-02-01 19:17:20,超20家A股上市公司本周披露并购重组最新公告 华大智造拟受让三箭齐发100%股权及华大序风100%股权
财联社,2026-02-01 19:15:26,荷航恢复飞往中东多国航班
财联社,2026-02-01 19:13:05,1月份18家A股上市公司筹划赴港上市 兴业银锡筹划发行H股股票并在香港联交所上市
财联社,2026-02-01 19:09:39,泽连斯基：新一轮乌美俄三方会谈将于2月4日和5日举行
财联社,2026-02-01 19:05:27,吉利汽车：1月汽车总销量为27.02万部 同比增长约1%
财联社,2026-02-01 18:45:42,保加利亚货币列弗全部退出流通
财联社,2026-02-01 18:41:02,比亚迪：1月份乘用车销量205518辆
财联社,2026-02-01 18:24:19,伊朗正保持警惕 做好应对任何情况准备
财联社,2026-02-01 18:21:31,【电报解读】春节AI大战开打，腾讯元宝登顶苹果商店免费榜！机构看好腾讯在场景覆盖广度与商业变现潜力上更具想象空间，三大细分领域有望受益，腾讯系持有这家公司超6%股权
财联社,2026-02-01 17:59:46,上海市政协十四届四次会议明日9时开幕
财联社,2026-02-01 17:43:34,绍伊古抵达中国
财联社,2026-02-01 17:43:34,俄罗斯联邦安全会议秘书绍伊古抵达中国
财联社,2026-02-01 17:39:17,国内首个混凝土材料科学大模型东南大学垂类大模型上新 已应用于南京北站建设
财联社,2026-02-01 17:32:34,全国春运明日启动 交通部门多措并举保出行
财联社,2026-02-01 17:24:42,宏利聚利债券LOF：2月2日开市起至当日10:30停牌
财联社,2026-02-01 17:24:38,嘉实原油LOF：若二级市场交易价格溢价幅度未有效回落 有权申请盘中临时停牌、延长停牌等措施以向市场警示风险
财联社,2026-02-01 17:24:34,石油基金LOF：2月2日开市起至当日10:30停牌
财联社,2026-02-01 17:24:22,巴西ETF：若交易价格溢价幅度未有效回落 有权采取申请盘中临时停牌、延长停牌等措施警示风险
财联社,2026-02-01 17:24:18,石油LOF：若本交易价格溢价幅度未有效回落 有权采取申请盘中临时停牌、延长停牌等措施警示风险
财联社,2026-02-01 17:24:11,原油LOF易方达：若基金交易价格溢价幅度未有效回落 可申请盘中临时停牌、延长停牌等方式向市场警示风险
财联社,2026-02-01 17:12:45,AI专属社交网络Moltbook火爆出圈引热议
财联社,2026-02-01 17:11:48,【财联社早知道】腾讯、阿里和百度展开红包大战，2月AI应用即将进入产业密集催化期，这家公司积极布局AIGC在数字营销方向的应用，客户包括BAT；2026广东年菜进上海营销行动隆重启幕
财联社,2026-02-01 17:10:01,小鹏汽车：1月共交付新车20011台
财联社,2026-02-01 17:05:22,【风口研报·公司】并购稀缺PCB耗材供应商，这家公司已进入胜宏科技、深南电路、景旺电子等大客户供应体系，且具备设备自制能力；高速率升级与算力建设共振，这家光通信电芯片龙头有望充分受益于光模块需求提升
财联社,2026-02-01 16:58:42,广汽集团：1月汽车销量11.66万辆 同比增长18.47%
财联社,2026-02-01 16:56:24,赛力斯：1月汽车销量4.59万辆 同比增长104.85%
财联社,2026-02-01 16:54:28,中国电信：电信服务增值税税目适用范围调整 将对公司收入和利润产生影响
财联社,2026-02-01 16:41:11,中国联通：电信服务增值税税目适用范围调整 将对公司收入及利润产生影响
财联社,2026-02-01 16:39:27,国投白银LOF：本基金将于2月2日开市起至当日10:30停牌
财联社,2026-02-01 16:27:56,哈梅内伊：如果美国挑起战争 这次冲突将不再局限于一地
财联社,2026-02-01 16:27:29,奥士康：拟投资18.2亿用于高端印制电路板项目
财联社,2026-02-01 16:24:09,中国移动：电信服务增值税税目适用范围调整 税率由6%调整为9% 将对公司收入及利润产生影响
财联社,2026-02-01 16:15:54,杰瑞股份：签署12.65亿元美国数据中心燃气轮机发电机组销售合同
财联社,2026-02-01 16:15:17,涉克里米亚大桥爆炸案 乌海军司令再次被俄内务部通缉
财联社,2026-02-01 16:10:32,兖矿能源：拟挂牌转让全资子公司鑫泰煤炭100%股权
财联社,2026-02-01 16:07:47,【风口研报·公司】HDI、IC载板等高阶产品的必备制程，这家公司产品覆盖多数一线PCB制造企业，并已深入参与服务器液冷散热系统；这家板材行业公司现金流充沛、分红慷慨，具备较强长期成长性
财联社,2026-02-01 16:06:34,上汽通用汽车1月终端交付约5.1万辆 同比增长8.2%
财联社,2026-02-01 16:06:34,上汽通用汽车：1月终端交付约5.1万辆 同比增长8.2%
财联社,2026-02-01 16:05:02,吉林省商务厅原党组书记、厅长李洪亮被开除党籍和公职
财联社,2026-02-01 16:04:06,天地在线：目前经营情况正常 不存在公司应披露而未披露的重大事项
财联社,2026-02-01 16:03:45,乐山电力业绩快报：2025年度净利润同比增长3.68%
财联社,2026-02-01 16:02:00,蔚来汽车：1月交付新车27182台 同比增长96.1%
财联社,2026-02-01 15:59:33,伊朗革命卫队：伊武装部队准备就绪 状态远超“12日战争”时期
财联社,2026-02-01 15:58:50,伊朗布什尔省阿萨卢耶附近发生5.2级地震
财联社,2026-02-01 15:58:10,我国开启互联网诊疗首诊试点
财联社,2026-02-01 15:53:12,湖南黄金：公司黄金产品未来市场价格能否继续上涨或维持高位存在不确定性
财联社,2026-02-01 15:52:25,2026年电影票房破20亿
财联社,2026-02-01 15:51:16,红宝丽：环氧丙烷综合技术改造项目进入试生产前期准备阶段
财联社,2026-02-01 15:50:04,【电报解读】SpaceX欲建轨道AI数据中心网络，机构称发射效率、太空光伏及性能需求正推动太阳翼成为全链条最优通胀环节，这家公司是太阳翼用相关材料的主力供应商
财联社,2026-02-01 15:48:13,歌尔股份：提高回购股份资金总额至不低于10亿元且不超过15亿元
财联社,2026-02-01 15:47:12,特朗普放风：印度将购买委内瑞拉石油
财联社,2026-02-01 15:46:58,ST联合：因需更新申报文件财务资料收到上交所中止审核通知
财联社,2026-02-01 15:46:14,衢州东峰：控股股东提议公司回购5000万元-1亿元公司股份
财联社,2026-02-01 15:40:51,福石控股：公司实控人、董事长兼总经理陈永亮被留置
财联社,2026-02-01 15:37:45,锋龙股份：优必选承诺36个月内不注入资产 停牌核查结束股票复牌
财联社,2026-02-01 15:36:03,嘉美包装：停牌核查完成 股票复牌
财联社,2026-02-01 15:17:07,腾讯元宝登顶苹果商店免费榜
财联社,2026-02-01 15:12:06,加沙边境拉法口岸正式开启试运行
财联社,2026-02-01 15:04:05,中信证券：重视铜板块回调窗口期的配置机遇
财联社,2026-02-01 15:02:33,哈梅内伊现身 出席伊朗伊斯兰革命胜利47周年庆祝活动
财联社,2026-02-01 14:58:36,最高检：去年前11个月对发案超过20年的重大犯罪案件依法核准追诉264人
财联社,2026-02-01 14:47:10,王石发文疑回应失联传言
财联社,2026-02-01 14:38:10,伊朗议长：伊朗将所有欧盟国家军队视为“恐怖组织”
财联社,2026-02-01 14:18:55,工商银行发布风险提示
财联社,2026-02-01 14:09:51,海南三亚凤凰国际机场T3航站楼今日起试运行
财联社,2026-02-01 13:37:26,申万宏源：市场仍预期2026年美联储降息2次
财联社,2026-02-01 13:36:08,特朗普：美委将“分享”石油收益
财联社,2026-02-01 13:24:30,菲律宾南部沉船事故死亡人数上升至39人
财联社,2026-02-01 13:13:10,【研选】全球领先的液冷方案供应商，业绩有望伴随AI液冷景气周期迎来爆发式增长；公司深化人形机器人布局，聚焦核心零部件技术瓶颈，或在人形机器人产业链中持续受益
财联社,2026-02-01 13:08:12,问界汽车：1月交付40016辆 同比增长83%
同花顺,2026-02-01 12:55:15,以色列要求无国界医生组织2月底前撤出加沙
同花顺,2026-02-01 12:45:05,以美军方高层被曝本周末密集会谈，讨论对伊朗打击行动
财联社,2026-02-01 12:41:44,陈茂波：海外企业和投资者对投资香港的信心加强
同花顺,2026-02-01 12:40:24,吉视传媒2026年1月政企业务累计中标2.69亿元
财联社,2026-02-01 12:18:07,世界最大直径竖井掘进机“启明号”顺利贯通
同花顺,2026-02-01 12:15:51,2月1日 周日《新闻联播》要闻16条
财联社,2026-02-01 11:40:07,6只黄金股披露2025年度业绩预告 西部黄金2025年净利同比预增68%-93%
财联社,2026-02-01 11:19:05,福特否认与小米合作传闻
财联社,2026-02-01 11:12:31,光模块三剑客2025年业绩预告出炉 新易盛Q4净利预计环比增长29%-50%
财联社,2026-02-01 10:42:35,特朗普称就格陵兰岛的谈判即将达成一致
财联社,2026-02-01 10:37:54,特朗普谈及古巴 称将达成协议
财联社,2026-02-01 10:32:16,特朗普称伊朗正“严肃”与美国对话
财联社,2026-02-01 10:30:23,华为推出首个服务基层医院端云协同智慧病理解决方案
同花顺,2026-02-01 10:26:55,优必选开源具身智能大模型Thinker，为工业人形机器人提供下一代“大脑”
财联社,2026-02-01 10:25:34,岚图汽车：1月交付10515辆 同比增长31%
财联社,2026-02-01 10:13:36,美国宇航局开始进行载人绕月飞行前的关键测试
财联社,2026-02-01 10:12:50,国家税务总局明确起征点标准等增值税征管事项
财联社,2026-02-01 10:10:30,伊朗一居民楼爆炸系燃气泄漏导致
财联社,2026-02-01 10:04:43,理想汽车：1月交付27668辆汽车
财联社,2026-02-01 09:52:48,卡塔尔首相访问伊朗 表态支持和平解决分歧
同花顺,2026-02-01 09:43:39,电影《重返寂静岭》上映10天，总票房破1亿
同花顺,2026-02-01 09:43:27,黄仁勋：OpenAI邀请我们进行最高1000亿美元的投资
同花顺,2026-02-01 09:39:27,国内首个混凝土材料科学大模型“砼真砼知”在南京发布
财联社,2026-02-01 09:34:43,致公党海南省委会机关原一级巡视员吴建东接受纪律审查和监察调查
财联社,2026-02-01 09:34:01,海南省高级人民法院审判委员会原专职委员张光亲接受纪律审查和监察调查
财联社,2026-02-01 09:15:49,以旧换新政策带动消费需求释放 部分地区家电订单量同比增64%
财联社,2026-02-01 09:08:57,零跑汽车：1月全系交付达32059台 同比增长27%
同花顺,2026-02-01 09:05:43,鹏辉能源：已向香港联交所递交了发行H股并挂牌上市的申请
同花顺,2026-02-01 09:04:56,太空探索技术公司提出构建卫星数据中心网络申请
同花顺,2026-02-01 09:03:09,拉法口岸已试运行开放
财联社,2026-02-01 09:01:33,泰国举行国会下议院选举提前投票
财联社,2026-02-01 08:59:41,武汉东湖高新区举行“世界光谷”全球产业合伙人大会，现场签约项目总投资额突破200亿元
同花顺,2026-02-01 08:59:04,华大智造：拟3.66亿元收购资产并增资
同花顺,2026-02-01 08:58:54,北汽蓝谷：1月新能源汽车产量11169辆，同比增长20.84%
同花顺,2026-02-01 08:51:15,广汽集团：1月汽车销量11.66万辆，同比增长18.47%
财联社,2026-02-01 08:11:24,鸿蒙智行1月交付57915台 同比增长超六成
财联社,2026-02-01 08:10:49,小米汽车：1月交付量超过39000台
同花顺,2026-02-01 08:06:11,红宝丽：公司不生产环氧丙烷产品 子公司相关项目已进入试生产前期准备阶段
财联社,2026-02-01 08:02:25,我国人工光合关键突破 二氧化碳与水在自然光下高效“变能源”
同花顺,2026-02-01 07:58:23,乐山电力业绩快报：2025年净利润2340.23万元 同比增长3.68%
财联社,2026-02-01 07:50:32,苹果人工智能团队再现离职潮 多名研究员转投Meta和谷歌
同花顺,2026-02-01 07:49:25,湖南黄金：股票交易异常波动，资产购买计划待审批
同花顺,2026-02-01 07:47:10,芯原股份：兴橙投资方拟合计减持不超1.95%股份
财联社,2026-02-01 07:41:41,第二轮俄美乌阿布扎比会谈能否举行尚不确定
财联社,2026-02-01 07:40:08,中际旭创：预计今年1.6T需求规模较去年将出现较大增长
同花顺,2026-02-01 07:37:45,福龙马：公司本月预中标环卫服务项目合计首年服务费金额为8353.64万元
同花顺,2026-02-01 07:37:40,城地香江：联合体中标12.2亿元项目
同花顺,2026-02-01 07:31:20,美民主党人称不会以快速程序通过拨款方案
财联社,2026-02-01 07:23:31,Waymo寻求融资约160亿美元 估值逼近1100亿美元
财联社,2026-02-01 07:17:48,2025年中国造船业全年数据发布 三大指标继续全球领跑
财联社,2026-02-01 06:49:44,以军空袭加沙致32人死亡 哈马斯称以军指控是“无稽之谈”
财联社,2026-02-01 06:49:39,特朗普称正与伊朗进行对话
同花顺,2026-02-01 06:41:01,广汽传祺：1月终端销量26937台，同比增长2.06%
同花顺,2026-02-01 06:28:43,伊朗一大巴车发生车祸 致5死3伤
同花顺,2026-02-01 06:20:12,伊朗议长宣布欧洲国家军队将被视为“恐怖组织”
同花顺,2026-02-01 06:16:19,印度Nifty 50指数回吐涨幅，最新下跌0.1%
同花顺,2026-02-01 06:14:10,周末要闻回顾：2025年证券交易印花税增长57.8%
财联社,2026-02-01 06:12:51,委内瑞拉外长称已接待美驻委临时代办
财联社,2026-02-01 06:12:28,卡塔尔谴责以色列一再违反加沙停火协议
同花顺,2026-02-01 06:08:26,印尼解除禁令，允许马斯克旗下Grok重启服务
财联社,2026-02-01 05:51:30,伊朗总统：战争既不符合伊朗也不符合美国利益
财联社,2026-02-01 05:51:27,巴勒斯坦多派别谴责以方持续违反停火协议
同花顺,2026-02-01 05:35:23,北京：生育津贴将直接发给参保女职工
同花顺,2026-02-01 05:18:05,伊朗总统与埃及总统通电话 讨论地区紧张局势
同花顺,2026-02-01 04:58:57,蔚小理等9家车企推“7年低息”
财联社,2026-02-01 04:48:05,美国驻委临时代办抵达委内瑞拉
同花顺,2026-02-01 04:44:09,海格通信：在6G领域主要布局智能通信、通感一体、无线光通信等方面
同花顺,2026-02-01 04:28:01,印度预算案公布在即，分析师：周日交易流动性堪忧，机构或缺席加剧波动
财联社,2026-02-01 03:54:04,泽连斯基称乌电力供应已趋于稳定
同花顺,2026-02-01 03:47:32,特朗普称不能透露对伊行动最终决定
同花顺,2026-02-01 03:42:04,工商银行提示合理控制持仓规模，有效防范市场波动风险
同花顺,2026-02-01 03:39:40,广汽丰田1月销量63648台
同花顺,2026-02-01 03:38:28,提前拉开“春运”序幕 拱北口岸单日客流再创新高
同花顺,2026-02-01 03:29:24,美国冬季风暴和严寒天气已造成逾百人死亡
同花顺,2026-02-01 03:26:40,南部战区组织海空兵力在黄岩岛领海领空开展战备警巡
财联社,2026-02-01 03:22:00,伊拉克国民议会最大党团重申支持马利基出任总理
同花顺,2026-02-01 03:12:21,华电新能成立新公司 含风力发电技术服务等业务
同花顺,2026-02-01 02:56:38,美联邦法院驳回明尼苏达州申请结束联邦移民执法行动的动议
财联社,2026-02-01 02:52:55,伊朗最高领袖顾问：正形成对美“谈判架构”
同花顺,2026-02-01 02:36:43,伊朗总统：战争既不符合伊朗利益也不符合美国利益
同花顺,2026-02-01 02:33:14,岚图汽车：2026年1月交付10515辆 1月销量连续三年连升，同比增长31%
同花顺,2026-02-01 02:18:59,多部门陷入“技术性停摆”，特朗普：这对美国不是好事，希望“足够多的人开动脑筋”
同花顺,2026-02-01 02:08:16,理想汽车2026年1月交付27668辆汽车
同花顺,2026-02-01 01:58:18,SpaceX申请部署100万颗卫星，拟建太阳能卫星AI数据中心
同花顺,2026-02-01 01:51:40,丹麦国防部：格陵兰岛国防培训项目扩招
同花顺,2026-02-01 01:37:26,卡塔尔首相访问伊朗表态支持和平解决分歧
同花顺,2026-02-01 01:34:02,墨西哥回应美国威胁：不会暂停对古巴的人道主义援助
同花顺,2026-02-01 01:30:25,伊朗外长称美国干涉其军演做法“荒谬”
同花顺,2026-02-01 01:19:29,日本民众集会抗议，反对高市政权大幅军扩
同花顺,2026-02-01 01:10:50,零跑汽车：1月全系交付达32059台，同比增长27%
同花顺,2026-02-01 00:43:08,伊朗总统谴责以美等势力煽动仇恨
同花顺,2026-02-01 00:32:57,纯苯价格强势开启底部反弹，中石化7次上调纯苯挂牌价
同花顺,2026-02-01 00:30:17,乌拉圭总统奥尔西抵达北京 开启首次对华国事访问
同花顺,2026-02-01 00:26:29,韩国1月半导体出口同比增长102.7%，连续两个月突破200亿美元
同花顺,2026-02-01 00:19:09,鸿蒙智行1月交付57915台，同比增长超六成
同花顺,2026-02-01 00:04:17,2026年春运2月2日开启
同花顺,2026-01-31 23:56:42,苹果人工智能团队再现离职潮，多名研究员转投Meta和谷歌
同花顺,2026-01-31 23:44:35,订单已排到4月底！“露营经济”持续升温 轻量化产品受青睐
同花顺,2026-01-31 23:40:18,中际旭创：很多客户订单已下到2026年四季度
同花顺,2026-01-31 23:37:30,中际旭创：光模块产品价格年降仍是行业的普遍规律
同花顺,2026-01-31 23:32:57,印尼西爪哇省山体滑坡灾害死亡人数升至70人
同花顺,2026-01-31 23:30:46,也门胡塞武装提高军事戒备
同花顺,2026-01-31 23:30:43,比特币回升至79000美元，日内跌2.8%，此前一度跌至75687美元
同花顺,2026-01-31 23:27:41,特朗普称美伊正谈判
同花顺,2026-01-31 23:13:48,俄媒：第二轮俄美乌阿布扎比会谈能否举行尚不确定
同花顺,2026-01-31 23:13:30,2025中国造船业全年数据发布 三大指标继续全球领跑
同花顺,2026-01-31 14:55:44,黄仁勋回应投资OpenAI计划没变
同花顺,2026-01-31 14:43:40,德国总理默茨：欧洲不是美国的附庸
同花顺,2026-01-31 14:40:46,伊朗北部一地司法部门逮捕300名参与骚乱人员
同花顺,2026-01-31 14:40:42,伊朗方面否认大不里士市发生爆炸事件
